songId,title,track_number,artist,genre,album_id,album_name,releaseDate,album_total_tracks,album_type,duration,listenCount
3mrBz3KhzEIB8ZV7Pxt1Y7,Mategrahnish,11,Sherine,"egyptian pop, sholawat, khaleeji",7iykGeMdxOdYtNRtYCNaMA,Garh Tany,2003-01-01,11,album,5.87,0
5L3ecxQnQ9qTBmnLQiwf0C,K-POP,1,Travis Scott,rap,10eNMeTimUzAKLhCOpIUlb,K-POP,2023-07-21,1,single,3.08,0
50GxvQA2KEWNt31EdwIlzY,Rewind,8,Charli xcx,"hyperpop, art pop",2lIZef4lzdvZkiiCzvPKj7,BRAT,2024-06-07,15,album,2.8,0
3GKSfF6c3Rv3a1knSjxnXa,Nina,5,Ed Sheeran,soft pop,1xn54DMo2qIqBuMqHtUsFd,x (Deluxe Edition),2014-06-21,16,album,3.75,0
4iZPNYqzI2L0uwuUKun7Aa,Stole the Show,1,Kygo,tropical house,26bzHnyTkFBFHUFeRwFDn7,Stole the Show,2015-03-16,1,single,3.71,0
7CZiLgkiVHhFcDkI2Y4lZ4,Don't You Wanna Stay (with Kelly Clarkson),7,Jason Aldean,"country, acoustic country",6gYk1JlSSmlUZGs1Lef1BI,My Kinda Party,2010-11-02,15,album,4.27,0
7BqHUALzNBTanL6OvsqmC1,Happier,1,Marshmello,edm,2u4Yp2ADTKYPwFSBFL4ffa,Happier,2018-08-17,1,single,3.57,0
7rGMKCgeYXpBecQ1FPb3oc,Without You (feat. Usher),5,David Guetta,edm,08DAekBeqPRCsn3XHDwj6b,Nothing but the Beat,2011-08-31,13,album,3.46,0
19KlZwqlT3fguP2BeHF1Q1,Disease,1,Lady Gaga,"art pop, pop",52BWvTRMsPqjHzrbQomgwP,Disease,2024-10-25,1,single,3.83,0
21q7CKtaPCdcKOORC8wGeV,Gettin' You Home,11,Chris Young,"country, acoustic country",2OdHiKjB1za9UrIaarQWEi,Summer Country,2022-05-27,57,compilation,3.53,0
6eiNVtWCRsU7N6JDPXFI2W,Handstand,7,Miley Cyrus,"country pop, rock, hip hop, experimental",5DvJgsMLbaR1HmAI6VhfcQ,Endless Summer Vacation,2023-08-18,14,album,3.42,0
4P9Q0GojKVXpRTJCaL3kyy,All Of The Girls You Loved Before,1,Taylor Swift,"country, pop, indie, folk",1Uauz6ql2dIPvIOH4JiuhD,All Of The Girls You Loved Before,2019-08-23,1,single,3.69,0
0SuG9kyzGRpDqrCWtgD6Lq,Give Me Love,12,Ed Sheeran,soft pop,02pi98kE0nra0yBqCStzbC,+,2011-09-09,16,album,8.77,0
0YRGTdfmJPALpglAaraYUr,State Of Grace,17,Taylor Swift,"country, pop, indie, folk",1MPAXuTVL2Ej5x0JHiSPq8,reputation Stadium Tour Surprise Song Playlist,2017-11-09,46,album,4.92,0
0hKtu53OlIFXVuYkZwcn3o,Cinderella,9,Future,rap,4iqbFIdGOTzXeDtt9owjQn,WE DON'T TRUST YOU,2024-03-22,17,album,2.83,0
6SFAshmB8xVQZMIPrJ1qqY,Venice Rooftops,2,Jesper Kyd,soundtrack,09ixa10YNG75H0HDKbMAiZ,Assassin's Creed 2 (Original Game Soundtrack),2009-11-16,35,album,3.3,0
4AXe1J9SZVqb72oQVaDWf3,National Anthem,6,Lana Del Rey,"alternative pop, indie pop",0W4ETIlyIonfCfAykj3K59,Born To Die (Deluxe Version),2011-01-01,15,album,3.84,0
6WrI0LAC5M1Rw2MnX2ZvEg,Don't Start Now,1,Dua Lipa,pop,0ix3XtPV1LwmZADsprKxcp,Don't Start Now,2019-10-31,1,single,3.05,0
3xYfDSxJhRLDIb1fw71WTw,Best Of Me,2,BTS,k-pop,43wFM1HquliY3iwKWzPN4y,Love Yourself 結 'Answer',2018-08-24,26,album,3.78,0
503OTo2dSqe7qk76rgsbep,Still D.R.E.,4,Dr. Dre,"old school hip hop, g-funk, gangster rap, west coast hip hop, hip hop, rap",7q2B4M5EiBkqrlsNW8lB7N,2001,1999-11-16,23,album,4.5,0
0mZI1NpihIVcho2f9MmqSW,Trivia 轉 : Seesaw,11,BTS,k-pop,43wFM1HquliY3iwKWzPN4y,Love Yourself 結 'Answer',2018-08-24,26,album,4.1,0
0mDGNetRxywxqgiXFbagZh,No Goodbyes,8,Dua Lipa,pop,01sfgrNbnnPUEyz6GZYlt9,Dua Lipa (Deluxe),2017-06-02,17,album,3.6,0
7x4ASXYEKfQBCewcZhK776,"Ay, DiOs Mío!",1,KAROL G,"reggaeton, latin, urbano latino",1mMUBQXa70gHyUjK0Q0u63,"Ay, DiOs Mío!",2020-07-10,1,single,3.16,0
7kxM3UJwN6rHAW5kwdlAHK,Forgotten,10,Linkin Park,"nu metal, rap metal, rock, alternative metal",6hPkbAV3ZXpGZBGUvL6jVM,Hybrid Theory (Bonus Edition),2000-10-24,15,album,3.24,0
5vdp5UmvTsnMEMESIF2Ym7,Another One Bites The Dust - Remastered 2011,3,Queen,"classic rock, rock, glam rock",58alCatewkjNm9IM1Ucj67,The Game (2011 Remaster),1980-06-27,10,album,3.57,0
3YRCqOhFifThpSRFJ1VWFM,November Rain,10,Guns N' Roses,"rock, glam metal, hard rock, classic rock",0CxPbTRARqKUYighiEY9Sz,Use Your Illusion I,1991-09-17,16,album,8.93,0
1fXvxcQdz9OEe5IeNHQh72,I'm so Afraid,11,Fleetwood Mac,"classic rock, yacht rock, soft rock",5VIQ3VaAoRKOEpJ0fewdvo,Fleetwood Mac,1975-07-11,11,album,4.37,0
5dNfHmqgr128gMY2tc5CeJ,Ignition - Remix,10,R. Kelly,r&b,35Ea7OWXZPZB1vAPiaEGOM,Chocolate Factory,2003-06-30,17,album,3.1,0
1IF5UcqRO42D12vYwceOY6,From the Dining Table,10,Harry Styles,"pop rock, soft rock, synthpop",1FZKIm3JVDCxTchXDo5jOV,Harry Styles,2017-05-12,10,album,3.53,0
4mnOVRRXsaqg9Nb041xR8u,Islands in the Stream,8,Dolly Parton,"country, classic country",3QmIn4Ilj5fV1eRbYzt21P,Dolly,2009-10-30,99,album,4.15,0
3NxAG2ni1lLa8RKL6a0INc,Childs Play,14,Drake,rap,40GMAhriYJRO1rsY4YdrZb,Views,2016-05-06,20,album,4.02,0
3htoQPC7v5x04gWCQz1y2S,WRONG,2,Chris Grey,dark r&b,6mSpxfnTwcvHKJqPFfF6KA,FUNHOUSE / WRONG,2025-07-25,2,single,2.95,0
7aENwq13lwx4TLLNRDxr5P,Elder Scrolls: Oblivion,13,Jeremy Soule,"medieval, soundtrack",3bBCofH4VxHokZ6fRCgbGx,The Greatest Video Game Music,2011-11-18,21,album,1.87,0
2chbuybiy6aDDBC985tJcP,ZEN,9,JENNIE,k-pop,1vWMw6pu3err6qqZzI3RhH,Ruby,2025-03-07,15,album,3.35,0
65rRB2mspD309xE6YimZTl,Clique,2,Kanye West,rap,0bcOGgwJpwBjfFBTApoqSn,Kanye West Presents Good Music Cruel Summer,2012-01-01,12,compilation,4.89,0
6GuCrDofEO7CgigVzHIFe9,Sweet Tooth,10,Marilyn Manson,"industrial metal, industrial rock, industrial, metal, nu metal",1SmsWlQZojAXz5H0i26bRl,Portrait Of An American Family,1994-01-01,13,album,5.05,0
0xtIp0lgccN85GfGOekS5L,Yes I'm Changing,4,Tame Impala,"neo-psychedelic, indie",79dL7FLiJFOO0EoehUHQBv,Currents,2015-07-17,13,album,4.51,0
0gTRROuntlrPQ64W3J2Etv,Electioneering,8,Radiohead,"art rock, alternative rock",6dVIqQ8qmQ5GBnJ9shOYGE,OK Computer,1997-05-28,12,album,3.84,0
21Rb7RL0uqx2uinuOKxfTp,About A Girl - Live At The Paramount,7,Nirvana,"grunge, rock",3FFGbUutKWN1c4f0CJR4Uh,Nevermind (Super Deluxe Edition),1991-09-26,70,album,3.22,0
1mRyi7vfCdLyQW4AeQKlnD,Touch of My Hand,8,Britney Spears,pop,0z7pVBGOD7HCIB7S8eLkLI,In The Zone,2003-11-13,13,album,4.32,0
5Xl87hTgoBbSnEXKNse77Q,Bottle Rockets (feat. Hootie & The Blowfish),1,Scotty McCreery,"country, acoustic country",5gXncoYdko6hXM08RQKgsB,Bottle Rockets (feat. Hootie & The Blowfish),2025-05-15,1,single,3.92,0
1pLfw3OyeXSDG71k4O9YAm,I Know a Guy,5,Chris Young,"country, acoustic country",7IOSachS7KZNuqRZrPcdD0,I'm Comin' Over,2015-11-13,11,album,4.05,0
2EgB4n6XyBsuNUbuarr4eG,New Freezer (feat. Kendrick Lamar),2,Rich The Kid,trap,1Hno6CtKbaFNAEPjRHDrc6,The World Is Yours,2018-03-30,15,album,3.19,0
4oT5126hWjtMCeZMu2RnSx,Die With A Smile,17,Lady Gaga,"art pop, pop",3ARwSvDQv2OHYnLeDC3Lxi,MAYHEM,2025-09-01,17,album,4.19,0
1D4PL9B8gOg78jiHg3FvBb,Love Story,6,Taylor Swift,"country, pop, indie, folk",3EzFY9Rg0PpbADMth746zi,Fearless (Big Machine Radio Release Special),2008-11-11,26,album,3.93,0
7ce20yLkzuXXLUhzIDoZih,Before You Go,1,Lewis Capaldi,soft pop,0488X5veBK6t3vSmIiTDJY,Before You Go,2019-11-19,2,single,3.58,0
71BQG6SlpeXpdx7PJaFNnB,Monster Paradise,1,Naeleck,electro house,0zCqTL9pofyiYRf1t3bKAf,Monster Paradise,2025-05-16,1,single,2.75,0
05uGBKRCuePsf43Hfm0JwX,Brain Damage,9,Pink Floyd,"progressive rock, psychedelic rock, classic rock, art rock, rock",4LH4d3cOWNNsVw41Gqt2kv,The Dark Side of the Moon,1973-03-01,10,album,3.77,0
6z5Yh7kOKeLjqIsNdokIpU,a thousand years,6,Christina Perri,soft pop,2lkbTVYUYHXoXt17WXIAVc,The Twilight Saga: Breaking Dawn - Part 1 (Original Motion Picture Soundtrack),2011-11-04,18,compilation,4.75,0
6FpdEqPmZ9aXIXiDi0Ke0f,Blue Banisters,1,Lana Del Rey,"alternative pop, indie pop",1C5RVpJJ2IAn92JeZwFF8j,Blue Banisters,2021-05-20,1,single,4.88,0
5FAVZuimEijg8ogtTXFgHM,Play It Again,1,Luke Bryan,"country, acoustic country",7qCSn65amnl3StXv2al86X,Best Of The 10s: Country,2019-12-27,20,compilation,3.78,0
1oNcc2isuz7d3hc1fMoHqj,Mileage (feat. Chief Keef),13,Playboi Carti,rage rap,7dAm8ShwJLFm9SaJ6Yc58O,Die Lit,2018-05-11,19,album,2.49,0
3UygY7qW2cvG9Llkay6i1i,Going Under,1,Evanescence,alternative metal,02w1xMzzdF2OJxTeh1basm,Fallen,2003-03-04,12,album,3.58,0
3lPr8ghNDBLc2uZovNyLs9,Supermassive Black Hole,3,Muse,"alternative rock, rock",0lw68yx3MhKflWFqCsGkIs,Black Holes and Revelations,2006-06-28,12,album,3.54,0
4X9YfVcnf1TcwJ2EE72wx9,When the Morning Light Shines In,12,Dan Romer,soundtrack,1SHBTtjQvdlrWt3y7rtaHn,Far Cry 5 (Original Game Soundtrack),2018-03-27,31,album,3.13,0
4uyBm26e7ElRigCH6vRbpc,DEVOTION,12,Justin Bieber,"pop, contemporary r&b",5vD5M5VW62LL78Ko8x0CVZ,SWAG,2025-07-11,21,album,3.9,0
149r4BNMXwFRWjPYcKNNgc,Devil I've Been (Feat. ERNEST),11,Post Malone,"pop, hip hop, country",4BbsHmXEghoPPevQjPnHXx,F-1 Trillion,2024-08-15,18,album,3.04,0
0LutvoC2HqCfnaRSjrhtzo,WALKING AWAY,10,Justin Bieber,"pop, contemporary r&b",5vD5M5VW62LL78Ko8x0CVZ,SWAG,2025-07-11,21,album,4.06,0
26t3KexbqzF3sRWgczYyja,How Country Feels,9,Randy Houser,"country, acoustic country",6p9LqWLWDOuW2WiUt9YKUZ,How Country Feels,2013-01-22,15,album,3.09,0
6BTuZCNIdEE177PzcS9rOH,Make You Miss Me,7,Sam Hunt,"country, pop country",4zEF7OsSjtoehhC67vmUFJ,Montevallo,2014-10-27,10,album,3.76,0
0KR3pUIeWnK7qwf9QhVBRZ,Breathe Me In,1,Besomorph,slap house,7n3RPRMQKuTxaEcCYyqnLK,Breathe Me In,2024-08-23,1,single,2.21,0
0BSmbCIY36iw04azzJ3S0S,Drops Of Jupiter - Live/2011,10,Taylor Swift,"country, pop, indie, folk",6fyR4wBPwLHKcRtxgd4sGh,Speak Now World Tour Live,2010-10-25,16,album,5.25,0
12fERk43aXv1bxuvuFHZgA,道は続く,24,Yasuharu Takanashi,"anime, soundtrack",7DQCQeGbnpjr3tF7p3f2jA,NARUTO-ナルト- 疾風伝　オリジナル・サウンドトラック Ⅲ,2016-07-06,25,album,2.02,0
7jZEFpKZ7w0RaKjtFcXaaz,Epilogue (Nothing 'Bout Me),12,Sting,soft rock,5kV0KBXfELibs6qQJLmOtg,Ten Summoner's Tales,1993-03-01,12,album,3.69,0
0fX4oNGBWO3dSGUZcVdVV2,N95,2,Kendrick Lamar,"hip hop, west coast hip hop",79ONNoS4M9tfIA1mYLBYVX,Mr. Morale & The Big Steppers,2022-05-13,19,album,3.26,0
6PJ8FF6UR8FZXfEvpHkIVN,How Would You Feel (Paean),11,Ed Sheeran,soft pop,3T4tUhGYeRNVUGevb0wThu,÷ (Deluxe),2017-03-03,16,album,4.67,0
4HOWCLfKRlHhbsCCBsquSE,making the bed,6,Olivia Rodrigo,"pop rock, alternative pop, pop punk",1D06fz3cuob62ysTS8k6gu,GUTS (spilled),2024-03-22,17,album,3.31,0
1BYZxKSf0aTxp8ZFoeyM3d,we fell in love in october,1,girl in red,bedroom pop,4oRcMHsdNG9IAF3xwv1kWu,we fell in love in october / forget her,2018-11-21,2,single,3.06,0
39JofJHEtg8I4fSyo7Imft,B.O.T.A. (Baddest Of Them All) - Edit,1,Eliza Rose,house,2lQgd3Svp1ZWAzZPLobAPK,B.O.T.A. (Baddest Of Them All),2022-08-12,2,single,3.77,0
4wuCQX7JvAZLlrcmH4AeZF,Cross Me (feat. Chance the Rapper & PnB Rock),3,Ed Sheeran,soft pop,3oIFxDIo2fwuk4lwCmFZCx,No.6 Collaborations Project,2019-07-12,15,album,3.43,0
5kyEFLnypTwNgVAWO5nN4N,WANT U,1,BURY,dark r&b,7CyJVes1ALqBFkD4mYMrZZ,WANT U,2025-07-16,3,single,2.59,0
29f11nLUcMYQ2Ndbnb7N0o,Dancing With A Stranger (With Normani) - Acoustic,1,Sam Smith,soft pop,0JtZ4dyxvzFUCjeVrgPkHZ,Dancing With A Stranger (With Normani) [Acoustic],2019-02-15,1,single,3.12,0
1bM50INir8voAkVoKuvEUI,OMG (feat. will.i.am),6,USHER,r&b,6A1F3Fkq5dYeYYNkXflcTX,Raymond v Raymond (Expanded Edition),2010-03-30,22,album,4.49,0
6VzcQuzTNTMFnJ6rBSaLH9,Fine Line,12,Harry Styles,"pop rock, soft rock, synthpop",7xV2TzoaVc0ycW7fwBwAml,Fine Line,2019-12-13,12,album,6.29,0
4ZWjY5RhT2C23v06YNyICs,The Beginning,14,Alisa Okehazama,anime,5QYGsl05fLEEE4fUjz4rkt,Jujutsu Kaisen (Original Television Soundtrack),2021-04-21,60,compilation,1.73,0
13jRFAGT8qd6aBwtJySlUm,Allein Allein - BENNETT Remix,1,Alok,"brazilian bass, electronic, slap house, electro house",1WKoDELzbFRR6UWNGh50LO,Allein Allein (feat. FREY) [BENNETT Remix],2024-09-27,2,single,2.43,0
6V1TqJxtw3P0ouCKICvl9l,Novacandy,4,Post Malone,"pop, hip hop, country",6r1lh7fHMB499vGKtIyJLy,AUSTIN,2023-07-28,17,album,3.28,0
3EPgWM1zfTSzEc0z4AwWTM,cardigan - the long pond studio sessions,2,Taylor Swift,"country, pop, indie, folk",0PZ7lAru5FDFHuirTkWe9Z,folklore: the long pond studio sessions (from the Disney+ special) [deluxe edition],2020-11-25,34,album,3.84,0
28xaZzE31Mh8qITYhWCKSA,March of the Resistance,16,John Williams,soundtrack,4RndEmppoOEWuTGSFQOqJs,Star Wars: The Force Awakens (Original Motion Picture Soundtrack),2015-12-18,23,album,2.59,0
0QI1IQbCigfH2kkSdNfvpO,The High Seas,4,Brian Tyler,soundtrack,76Sa34PcsBjp52vsjOd0Tz,Assassin's Creed 4: Black Flag (Original Game Soundtrack),2013-10-14,34,album,2.74,0
6dg9Tceo2JpMgAKiNyLpKK,Break On Me,9,Keith Urban,country,4GsvtpiQYDo6dYuFIgM4wT,Ripcord,2016-12-16,13,album,3.47,0
5wNLSF0W0NZyu9eRpufdqn,Legend of the Eagle Bearer (Main Theme),1,The Flight,soundtrack,19WTqbdqDMWMthZfkmxSbx,Assassin's Creed Odyssey (Original Game Soundtrack),2018-10-05,56,album,3.89,0
3jYJFJ5Nv2wmT24QFOGicc,ノスタルジア,21,Yasuharu Takanashi,"anime, soundtrack",7DQCQeGbnpjr3tF7p3f2jA,NARUTO-ナルト- 疾風伝　オリジナル・サウンドトラック Ⅲ,2016-07-06,25,album,2.02,0
47JVgLUOFUp4iZ60wR5nv2,Shades of Blue,1,Kelsey Lu,"alternative r&b, art pop",0IISH2eLnsPMmjjNwZEElq,Shades of Blue,2018-04-18,1,single,3.91,0
1pzSeZfdQODtB9xmkH0Q91,Love Money Party (feat. Big Sean),7,Miley Cyrus,"country pop, rock, hip hop, experimental",3RDqXDc1bAETps54MSSOW0,Bangerz (Deluxe Version),2013-10-04,16,album,3.66,0
3Dy4xsff7c0fRaTJpA54yd,Gone Gone Gone,1,David Guetta,edm,39FHrt5YWp4HY7dHDn8Owz,Gone Gone Gone,2025-10-10,2,single,3.3,0
3NFs3XUduzBfvc5Bx1gmzh,The Dead Dance,1,Lady Gaga,"art pop, pop",1KdrtZn2AmuQPHKIr3h4e6,The Dead Dance,2025-09-03,1,single,3.8,0
2gVhfX2Gy1T9kDuS9azrF7,willow,1,Taylor Swift,"country, pop, indie, folk",6AORtDjduMM3bupSWzbTSG,evermore (deluxe version),2021-01-07,17,album,3.57,0
46aZJc0z1HHHSFxaIRxYSP,Breakin' Dishes,4,Rihanna,"pop, r&b",3JSWZWeTHF4HDGt5Eozdy7,Good Girl Gone Bad: Reloaded,2008-06-02,15,album,3.34,0
6uHyUNwt9h4Q1Um222MDai,No God,2,Sam Smith,soft pop,5BNUgsVK7qqfFnV046qHfW,Gloria (Special Edition),2023-04-12,22,album,3.28,0
3dgQqOiQ9fCKVhNOedd2lf,Started From the Bottom,3,Drake,rap,2ZUFSbIkmFkGag000RWOpA,Nothing Was The Same (Deluxe),2013-01-01,16,album,2.9,0
6Ur4ZVoemg8EI6WT7aHBWk,downtown,1,Lil Peep,"emo rap, cloud rap",1oaHlsVVHDlbcxYTtoFB56,downtown,2025-08-15,1,single,2.03,0
6YgV0EF8xJMZz0Zm6BTaT4,This Love,2,Maroon 5,pop,1Rv9WRKyYhFaGbuYDaQunN,Songs About Jane,2002-06-25,12,album,3.43,0
4I495JoutN1NX4nh8Vep56,Uncertain Homestead - Mount and Blade Original Video Game Soundtrack,1,Jesse Hopkins,medieval,7aJlDUlvQ3HrpbW67dY9YK,Uncertain Homestead (Mount and Blade Original Video Game Soundtrack),2008-09-16,1,single,1.65,0
2Eq97bBBjO69pPrImrksOi,Vikings Reach Land,16,Trevor Morris,"medieval, soundtrack",1UsypHx21p4T5Osr6dIenT,The Vikings (Music from the TV Series),2013-06-24,38,album,1.7,0
4ak9GGe6afmi2HbxEjvhIC,Male Fantasy,16,Billie Eilish,"alternative pop, electropop, dark pop",0JGOiO34nwfUdDrD612dOp,Happier Than Ever,2021-07-30,16,album,3.24,0
1F6IbA7di42uPc3cff8PXV,Flaming Hot Cheetos,1,Clairo,bedroom pop,12pkuSY7Cy2sc5Ix0XIYIE,Flaming Hot Cheetos,2017-06-14,1,single,2.06,0
6wOmmoM5nyS6mOyzo9wDjC,Buyer Beware,14,Post Malone,"pop, hip hop, country",6r1lh7fHMB499vGKtIyJLy,AUSTIN,2023-07-28,17,album,2.89,0
03pWkKJjo8ATe0z4SWGzyd,A Narnia Lullaby,5,Harry Gregson-Williams,soundtrack,01wn5MrXTUWjdYTLYC2wqU,"The Chronicles of Narnia: The Lion, The Witch and The Wardrobe (Original Motion Picture Soundtrack)",2005-12-13,17,compilation,1.21,0
1VdZ0vKfR5jneCmWIUAMxK,The A Team,1,Ed Sheeran,soft pop,0W5GGnapMz0VwemQvJDqa7,+,2011-09-09,12,album,4.3,0
6gPOwGszseqYL7w02opoy1,vampire,3,Olivia Rodrigo,"pop rock, alternative pop, pop punk",1D06fz3cuob62ysTS8k6gu,GUTS (spilled),2024-03-22,17,album,3.66,0
1jTe5liUdnRjbie1luBi6J,Is It a Crime,1,Mariah the Scientist,alternative r&b,7jafwvgoGHW0JJGxQMgOci,Is It a Crime,2025-07-31,2,single,3.02,0
4t20umh0eSuYstasrSl2HV,Main Title,1,John Paesano,soundtrack,3ieHHrjkP4K1BDyz2sp6Te,Daredevil,2015-08-28,15,album,1.08,0
4GE0As8SVSjCMVYkRaaWwJ,Cool,3,Dua Lipa,pop,5lKlFlReHOLShQKyRv6AL9,Future Nostalgia,2020-03-27,13,album,3.49,0
6QdnKD1zwEgyOWtkrdzlOF,Hurt You,5,The Weeknd,"r&b pop, alternative r&b, hip hop, synthpop",4qZBW3f2Q8y0k1A84d4iAO,"My Dear Melancholy,",2018-03-30,7,album,3.83,0
0u2P5u6lvoDfwTYjAADbn4,lovely (with Khalid),1,Billie Eilish,"alternative pop, electropop, dark pop",2sBB17RXTamvj7Ncps15AK,lovely (with Khalid),2018-04-19,1,single,3.33,0
2kYnBtnKKO3fPvGK73Ppo9,Mr. Brightside,8,The Killers,alternative rock,1UCq004Z2Sjl5We1S0OOF6,Summer Hits 2000-2022,2023-07-21,85,compilation,3.73,0
2NZhNbfb1rD1aRj3hZaoqk,The Imperial Suite,20,Michael Giacchino,soundtrack,6h5p1LLfhcyYHnSVdlghJT,Rogue One: A Star Wars Story (Original Motion Picture Soundtrack),2016-12-16,21,album,2.49,0
4YJjFv4esDOc9FqIqKEsAd,Before He Cheats,9,Revline,country,3TlM68EnA35dHWYQHeK9k3,The Garage Sessions,2025-06-18,12,album,2.45,0
1P00H6UbBZZ38joqkrn0Wc,Omri Eli Fat,7,Ahmed Saad,"mahraganat, egyptian pop, egyptian shaabi, khaleeji",6udoWtucgo5nrmcLhRrFNR,Habebna,2025-01-15,9,album,4.03,0
2xa9224f1RXkIDoRvs58yI,give u the moon,10,Lil Peep,"emo rap, cloud rap",4hiArqU343m8BUT0lymyLO,LIVE FOREVER,2015-12-02,10,album,2.32,0
3pkzJjJXfdDjhpXx639MIH,Somewhere With You,10,Kenny Chesney,country,0EJVUQGqNRxYBBCS0OLqY7,Hemingway's Whiskey,2010-09-28,11,album,4.05,0
2fF3QzbGCrtrDXIdWcg1mv,The Story Of Us,38,Taylor Swift,"country, pop, indie, folk",1MPAXuTVL2Ej5x0JHiSPq8,reputation Stadium Tour Surprise Song Playlist,2017-11-09,46,album,4.46,0
6i5fDaCzwxRrZtuvvcqoIf,Drive,18,The Weeknd,"r&b pop, alternative r&b, hip hop, synthpop",3OxfaVgvTxUTy7276t7SPU,Hurry Up Tomorrow,2025-01-31,22,album,3.14,0
1VNWdmXSbaNrnWod10WIL0,"One Of The Girls (with JENNIE, Lily Rose Depp)",19,The Weeknd,"r&b pop, alternative r&b, hip hop, synthpop",18sR8zHx4zsVJUI4bHWuPC,The Highlights (Deluxe),2024-02-09,36,compilation,4.07,0
6gowYUVBi2MZibmuosT8mh,"With You, Friends (Long Drive)",6,Skrillex,"dubstep, edm, electro, electronic",6HbNEBza64W10MQxUFq6QL,Scary Monsters and Nice Sprites (Deluxe Tour Edition),2010-12-21,11,album,6.48,0
5ry2OE6R2zPQFDO85XkgRb,Money In The Grave (Drake ft. Rick Ross),2,Drake,rap,00HZxSA1sOS9T3nA950sg4,The Best In The World Pack,2019-06-15,2,single,3.42,0
3DmW6y7wTEYHJZlLo1r6XJ,Shower,1,Becky G,"reggaeton, latin",4JlzEvVJqpb62Xwc0EmOHr,Shower,2014-04-23,1,single,3.43,0
7uXi2WiTHucXDuwmrj3MF2,"Harry & Hermione (Harry Potter & The Half-Blood Prince"")""",12,Nicholas Hooper,soundtrack,4t8Sd5lQYhtpJwdczxbT07,Harry Potter And The Half-Blood Prince - Original Soundtrack,2009-01-01,28,album,2.87,0
4PreGXITi6FzQOxhUxwuWV,帰郷,3,Yasuharu Takanashi,"anime, soundtrack",4f5CITLlnnTPE49n5Bd0zN,NARUTO-ナルト- 疾風伝　オリジナル・サウンドトラック,2007-12-19,28,album,1.84,0
3HCMcB2kxuxoRaBmeIGcVl,Diet Mountain Dew,5,Lana Del Rey,"alternative pop, indie pop",5h5XOo9ZoMhKA4uu0NXiD7,Born To Die,2012-01-30,12,album,3.71,0
30XvfCUPHSK2rzxmPlJGFf,Loba,1,Shakira,latin pop,5GuMQnx4X4mfHEcYQe7ql9,Loba,2009-09-02,17,album,3.14,0
669yRYY5pluCp5dYOcDMDD,Oogway's Legacy,1,Hans Zimmer,soundtrack,35vf79jnOBG3WZHQTzIl6a,Kung Fu Panda 3 (Music from the Motion Picture),2016-01-22,23,compilation,2.01,0
6iiAfo4wTA2CVC3Uwx9uh8,You’re Not Sorry (Taylor’s Version),9,Taylor Swift,"country, pop, indie, folk",4hDok0OAJd57SGIT8xuWJH,Fearless (Taylor's Version),2021-04-09,26,album,4.36,0
6sQckd3Z8NPxVVKUnavY1F,‘tis the damn season,4,Taylor Swift,"country, pop, indie, folk",6AORtDjduMM3bupSWzbTSG,evermore (deluxe version),2021-01-07,17,album,3.83,0
7abUe1ZCGHIMtIAnGKBbSo,remember me (sing-a-long),17,Christina Perri,soft pop,3xl0OvcSlc9Mwe5ToaFtD3,songs for carmella: lullabies & sing-a-longs,2019-01-17,20,album,0.98,0
5kILHrfMHQ4eFHZqnu4yY3,Striptease,9,FKA twigs,"art pop, alternative r&b",3o1TOhMkU5FFMSJMDhXfdF,EUSEXUA,2025-01-24,11,album,4.72,0
0o9g90ucYD4Quisfnm9uyE,mafhashmafhash,6,Marwan Moussa,"egyptian hip hop, arabic hip hop, egyptian pop, mahraganat",4p50wCLmX3dorhUIDFIYF2,MATADOR,2025-08-28,10,album,2.35,0
32JsaB5xXJxJCTg0vWlGTj,Lord Shimura,5,Ilan Eshkeri,soundtrack,6N9upMTvxPR79tutqclKtq,Ghost of Tsushima (Music from the Video Game),2020-07-17,22,album,2.25,0
7xcU6jomyxCkWHazhRp4W6,PLEASE,1,Omido,dark r&b,3CdaspeVshcV4SSy4R0N1r,PLEASE,2022-04-20,1,single,2.66,0
5YL553x8sHderRBDlm3NM3,White Horse (Taylor’s Version),5,Taylor Swift,"country, pop, indie, folk",4hDok0OAJd57SGIT8xuWJH,Fearless (Taylor's Version),2021-04-09,26,album,3.9,0
0t3pcqgBjuAVBgY2oEUIlH,It Depends (feat. Bryson Tiller),1,Chris Brown,r&b,6FA7O8oQl5eReFrDYjkusP,It Depends (feat. Bryson Tiller),2025-07-25,1,single,4.53,0
6W9l02gRsXVxzIuQC1oc1X,pretty isn’t pretty,11,Olivia Rodrigo,"pop rock, alternative pop, pop punk",1xJHno7SmdVtZAtXbdbDZp,GUTS,2023-09-08,12,album,3.32,0
5evVf7bURnVNSHjFlCUyCb,Mstny,2,El Waili,"egyptian hip hop, arabic hip hop, egyptian pop, mahraganat",69XPm6tYJKIXL7dvdDCPXM,L NOR,2024-08-30,9,album,2.98,0
2Ku34RwdypCEfVJyxQIfyI,the way i see things,2,Lil Peep,"emo rap, cloud rap",7n4NXIQuDsb7C68oSBVF0M,LIL PEEP; PART ONE,2024-09-18,11,album,2.23,0
4cNpO3kF8rqcH8G3huFCJp,you are my sunshine,1,Christina Perri,soft pop,3xl0OvcSlc9Mwe5ToaFtD3,songs for carmella: lullabies & sing-a-longs,2019-01-17,20,album,1.37,0
5JaqApg5415jtjdyjY3wa9,Valerie,10,The Weeknd,"r&b pop, alternative r&b, hip hop, synthpop",2XGEyGU76kj55OdHWynX0S,Trilogy,2012-11-13,30,album,4.77,0
2xB46Bj9HZ4cr058yN4Pla,Secrets,5,A Boogie Wit da Hoodie,melodic rap,4v0IxMbMN975IfxFHzgK9d,Artist 2.0 (Deluxe),2020-06-19,29,album,2.22,0
4k3xDpAdBuM17mNNHhOZkK,nuts,4,Lil Peep,"emo rap, cloud rap",4hiArqU343m8BUT0lymyLO,LIVE FOREVER,2015-12-02,10,album,1.42,0
7Kt59L2ZZGtOnIhvMwzG6f,Diamonds,2,Rihanna,"pop, r&b",4eddbruVtOqw8khwxSH6H2,Unapologetic (Deluxe),2012-12-11,17,album,3.75,0
2ehRU518I0hYqMGQnk4lDY,invisible string,11,Taylor Swift,"country, pop, indie, folk",1pzvBxYgT6OVwJLtHkrdQK,folklore (deluxe version),2020-08-18,17,album,4.21,0
4iG2gAwKXsOcijVaVXzRPW,Time to Pretend,1,MGMT,indie,6mm1Skz3JE6AXneya9Nyiv,Oracular Spectacular,2007-12-14,10,album,4.35,0
4WFfPxJv1KRekG6mxn837K,EYES CLOSED (with ZAYN),1,JISOO,k-pop,3LOalJiwqPsviLuoNboNfc,EYES CLOSED (with ZAYN),2025-10-10,1,single,3.02,0
2ihCaVdNZmnHZWt0fvAM7B,Little Talks,6,Of Monsters and Men,folk pop,4p9dVvZDaZliSjTCbFRhJy,My Head Is An Animal,2012-01-01,12,album,4.44,0
2x8evxqUlF0eRabbW2JBJd,Fluorescent Adolescent,5,Arctic Monkeys,"indie, garage rock",1XkGORuUX2QGOEIL4EbJKm,Favourite Worst Nightmare,2007-04-22,12,album,3.06,0
0jHSdjxn9LfzNL0WkDu93W,Cruise - Remix,17,Florida Georgia Line,"country, pop country, acoustic country",0uqAyKT7oMZDFMyteJOJWI,Here's To The Good Times...This Is How We Roll,2013-01-01,17,album,3.47,0
2Zd38uTIQaI3LSuJhNtRA9,Strangers,1,midnight Berlin,hypertechno,4RJX9xsVdGhdI6Ircvjcwn,Strangers,2023-11-24,1,single,2.34,0
5vEMhWbw4ddnBwYSI4MFLa,In Bloom - Smart Sessions,1,Nirvana,"grunge, rock",3FFGbUutKWN1c4f0CJR4Uh,Nevermind (Super Deluxe Edition),1991-09-26,70,album,4.51,0
6JLiWJptfEdsz3TW4dnQGy,Lights Come On,1,Jason Aldean,"country, acoustic country",2EhCp9jUMBdrJIrnDrhw4L,They Don't Know,2016-09-09,15,album,3.24,0
0q3BKRWzQ9uof4ywERwtB0,Back On The Path,38,Marcin Przybyłowicz,"medieval, soundtrack",6pYNEn4tMc6gdv5fIZf5yn,The Witcher 3: Wild Hunt (Original Game Soundtrack),2015-08-26,55,album,2.68,0
5kUpfqQhj2qtaXxlsGkxBQ,THE REPLACEMENT,8,Kae,dark r&b,2OScIqIhtbRMLzaNoxtfa8,WHAT HAPPENED BEFORE CHAOS,2023-11-03,10,album,2.54,0
7dYuoa2C8QzHOZ3kr9zYAR,Viva La Vida,1,Ericovich,nightcore,4MfccbcsngCc4LSc5pmAno,Viva La Vida,2024-12-13,1,single,2.09,0
2F5nK70URbVjwao6lRwX0P,Boys Will Be Boys,11,Dua Lipa,pop,5lKlFlReHOLShQKyRv6AL9,Future Nostalgia,2020-03-27,13,album,2.77,0
4XNrMwGx1SqP01sqkGTDmo,One More Night,1,Maroon 5,pop,2pjfMmH52fryXVQuWTWOgP,Overexposed (Deluxe),2012-01-01,15,album,3.65,0
0WSEq9Ko4kFPt8yo3ICd6T,Praise God,6,Kanye West,rap,5CnpZV3q5BcESefcB3WJmz,Donda,2021-08-29,27,album,3.77,0
7soJgKhQTO8hLP2JPRkL5O,One Call Away,1,Charlie Puth,"soft pop, pop",3kndSWeE2IYOrZEToZrHEV,Nine Track Mind,2016-01-29,12,album,3.24,0
41oY4WCTj5kccfesTVFnvN,Tarot,7,Bad Bunny,"reggaeton, trap latino, urbano latino, latin",3RQQmkQEvNCY4prGKE6oc5,Un Verano Sin Ti,2022-05-06,23,album,3.96,0
7f1X6tauagdeqpfNuNOYWr,Have You Ever Seen The Rain,1,Rod Stewart,soft rock,53ufl2hkXUBHfvXfr2SRpt,Still The Same... Great Rock Classics Of Our Time,2006-10-09,13,album,3.2,0
7FOJvA3PxiIU0DN3JjQ7jT,Power Trip (feat. Miguel),4,J. Cole,rap,1NfrmcXk8xNennyxQ57JcW,Born Sinner,2013-06-14,21,album,4.01,0
22L7bfCiAkJo5xGSQgmiIO,All Of The Lights,5,Kanye West,rap,20r762YmB5HeofjMCiPMLv,My Beautiful Dark Twisted Fantasy,2010-11-22,13,album,4.99,0
6iAWfzQSSHemnvL5yq1q2k,Kill For Love,13,Lady Gaga,"art pop, pop",3ARwSvDQv2OHYnLeDC3Lxi,MAYHEM,2025-09-01,17,album,4.11,0
4kWO6O1BUXcZmaxitpVUwp,Jackie Chan,1,Tiësto,"edm, trance, big room",0vRcQquqBlFvnezWldWfmt,Jackie Chan,2018-05-18,1,single,3.59,0
1C7lXfx4Y5maVl4AgUVlHA,ACHO PR,21,Bad Bunny,"reggaeton, trap latino, urbano latino, latin",4FftCsAcXXD1nFO9RFUNFO,nadie sabe lo que va a pasar mañana,2023-10-13,22,album,5.99,0
4w2GLmK2wnioVnb5CPQeex,360,1,Charli xcx,"hyperpop, art pop",2lIZef4lzdvZkiiCzvPKj7,BRAT,2024-06-07,15,album,2.23,0
3fRJwWQp9g2skjBFsNqHNV,Under Stars - Loon Remix,19,AURORA,"norwegian pop, art pop",69YLD3zIxQt55bHjVlhLTP,All My Demons Greeting Me As A Friend (Deluxe),2016-08-26,20,album,3.55,0
2TNaQWWTeTyig2wsr1BNaL,Are You That Somebody?,2,Aaliyah,r&b,0vqRNgbh25rbYpiZ2Ejv6s,I Care 4 U,2002-06-30,14,album,4.42,0
4j5ffIFh7bFT7GZciP1TCy,"10,000 Hours (with Justin Bieber)",11,Dan + Shay,country,7L8IHgiomfEpxOm61vgPTm,Good Things,2021-08-13,12,album,2.79,0
0heeNYlwOGuUSe7TgUD27B,Question...?,7,Taylor Swift,"country, pop, indie, folk",151w1FgRZfnKZA9FEcg9Z3,Midnights,2022-10-21,13,album,3.5,0
2uwnP6tZVVmTovzX5ELooy,Power Trip (feat. Miguel),4,J. Cole,rap,5FP9keIJnlSCKnkdVOf623,Born Sinner (Deluxe Version),2013-06-18,21,album,4.01,0
4w47S36wQGBhGg073q3nt7,TKN (feat. Travis Scott),1,ROSALÍA,latin,4KEOAWBMpvJrIZ7tQfx44i,TKN (feat. Travis Scott),2020-05-28,1,single,2.15,0
1WsEgieHsWWndAzLkmV105,hostage,8,Billie Eilish,"alternative pop, electropop, dark pop",7fRrTyKvE4Skh93v97gtcU,dont smile at me,2017-12-22,9,single,3.82,0
1m5kZFmm90hPXzXr1Hpsne,Acquainted,15,The Weeknd,"r&b pop, alternative r&b, hip hop, synthpop",5L5evi5tJPh8WaEFAQp7Tp,The Highlights,2021-02-05,18,compilation,5.81,0
3Tb4oHMR617zvLANuiV1ok,Only Girl (In The World) - The Bimbo Jones Radio,12,Rihanna,"pop, r&b",5QG3tjE5L9F6O2vCAPph38,Loud,2010-01-01,13,album,3.84,0
5fIZ683j2xPeLAXfHeWKEG,Dernière danse - Techno Mix,1,Indila,french pop,3MhGOga5TlR7JfKxDSxv9Q,Dernière danse (Techno Mix),2024-01-26,1,single,3.28,0
6mwwXTI3DeGvR9N0Fw7N7O,Buzzin',1,lagosta,emo rap,4dyM4lQiyqi0feaGoIRsXn,Buzzin',2024-06-29,1,single,3.27,0
3lG6OtGDsYAOALxEmubQQm,Happiness is a butterfly,13,Lana Del Rey,"alternative pop, indie pop",5XpEKORZ4y6OrCZSKsi46A,Norman Fucking Rockwell!,2019-08-30,14,album,4.54,0
0jhukQEMC1yj47NetTlDBJ,There Is a Light That Never Goes Out,3,The Smiths,"new wave, madchester, jangle pop",2n5AOB0lGse7qp38HvVROB,(500) Days of Summer (Music from the Motion Picture),2009-07-10,16,compilation,4.04,0
2x3mwb96B6TquRqMtbxUE1,Actually Romantic,7,Taylor Swift,"country, pop, indie, folk",4a6NzYL1YHRUgx9e3YZI6I,The Life of a Showgirl,2025-10-03,12,album,2.72,0
3fzDcbJZC7HoTHeH2Z1R4A,The Best Day,6,George Strait,"country, classic country, traditional country, honky tonk",2syxP3j7sO6A5NiRPt37H3,Best Of (Deluxe Edition),2011-01-01,22,compilation,3.31,0
491SgTfng3iwBZlubejYxL,"12 Years Later - From Treasure Planet""/Score""",3,James Newton Howard,soundtrack,6TCIP0qIaMYXYAFejY59cC,Treasure Planet,2002-01-01,17,album,2.74,0
4vUmTMuQqjdnvlZmAH61Qk,South of the Border (feat. Camila Cabello & Cardi B),2,Ed Sheeran,soft pop,3oIFxDIo2fwuk4lwCmFZCx,No.6 Collaborations Project,2019-07-12,15,album,3.4,0
1f3yAtsJtY87CTmM8RLnxf,Smells Like Teen Spirit,1,Nirvana,"grunge, rock",2uEf3r9i2bnxwJQsxQ0xQ7,Nevermind (Deluxe Edition),1991-09-26,40,album,5.03,0
0QiHMdOI4BZ4D9Lc6kczNl,Skull And Crossbones,11,Klaus Badelt,soundtrack,4Qe057XqKloVNhnPohj6Yo,Pirates of the Caribbean: The Curse of the Black Pearl (Original Motion Picture Soundtrack),2003-07-22,15,compilation,3.39,0
7aLT0tLcS40Penaplqu2cZ,Greedy,7,Ariana Grande,pop,1QRP5lutJodPixU2EWfnD7,Dangerous Woman,2016-04-01,15,album,3.58,0
0dRhSF9LV0HR8Jwd3MMMKJ,Everytime,12,Britney Spears,pop,0z7pVBGOD7HCIB7S8eLkLI,In The Zone,2003-11-13,13,album,3.83,0
3jynPlIywjBpko6ZkR1mUI,The Fastest Man Alive - Always Late,1,Blake Neely,soundtrack,3NPOkq0nIMjz3tzYwL7Ypz,The Flash: Original Television Soundtrack: Season 1,2015-11-13,29,album,3.09,0
7kFpKnpUZUNLtKilcYkqGH,1922,1,Gary O'Slide,southern gothic,5MtrsPbY07fIaOp8ydWN9L,1922,2021-05-28,11,album,1.07,0
6a8aUhYbaQBUI8PcJ5ZmQ6,closure,14,Taylor Swift,"country, pop, indie, folk",6AORtDjduMM3bupSWzbTSG,evermore (deluxe version),2021-01-07,17,album,3.01,0
5Xg5bGbWHToIMSsqWxOsej,NO ESCAPE,10,HEALTH,"noise rock, industrial, witch house, industrial rock, industrial metal",4pk3IXbfaU0cK7oHuEdbEJ,DISCO4 :: PART II,2022-04-08,12,album,3.57,0
66a1CYNSAkhmsvkHK3fr8y,School - Live At Paramount Theatre/1991,19,Nirvana,"grunge, rock",3FFGbUutKWN1c4f0CJR4Uh,Nevermind (Super Deluxe Edition),1991-09-26,70,album,2.56,0
2HRgqmZQC0MC7GeNuDIXHN,Seven (feat. Latto) (Explicit Ver.),3,Jung Kook,k-pop,5pSk3c3wVwnb2arb6ohCPU,GOLDEN,2023-11-03,11,album,3.05,0
2ClPvZuY65OaFxuSLDHKtt,Betewhashny,5,Sherine,"egyptian pop, sholawat, khaleeji",7iykGeMdxOdYtNRtYCNaMA,Garh Tany,2003-01-01,11,album,4.41,0
2prqm9sPLj10B4Wg0wE5x9,BLUE,10,Billie Eilish,"alternative pop, electropop, dark pop",7aJuG4TFXa2hmE4z1yxc3n,HIT ME HARD AND SOFT,2024-05-17,10,album,5.71,0
3fVnlF4pGqWI9flVENcT28,Wildest Dreams,9,Taylor Swift,"country, pop, indie, folk",5fy0X0JmZRZnVa2UEicIOl,1989,2014-01-01,13,album,3.67,0
3E7dfMvvCLUddWissuqMwr,Party In The U.S.A.,2,Miley Cyrus,"country pop, rock, hip hop, experimental",0IuHVgAvbNDJnJepuSZ8Oz,The Time Of Our Lives (International Version),2009-01-01,8,album,3.36,0
6xtQ23d8GEXgcxyUKPtwc5,Runaway,6,Linkin Park,"nu metal, rap metal, rock, alternative metal",6hPkbAV3ZXpGZBGUvL6jVM,Hybrid Theory (Bonus Edition),2000-10-24,15,album,3.06,0
3PNaaKLGYYn1ULNZXyMuWM,Shut Up and Listen,1,Nicholas Bonnin,dark r&b,6ESObhLkBvTh4CXm9wMdwQ,Shut Up and Listen,2021-05-28,1,single,4.05,0
6Py8IKZqDyU8aQVrjilbJw,I'm Only Me When I'm With You,44,Taylor Swift,"country, pop, indie, folk",1MPAXuTVL2Ej5x0JHiSPq8,reputation Stadium Tour Surprise Song Playlist,2017-11-09,46,album,3.59,0
5GDhHuLpmneh1DCMyKMJp3,Roma,7,Cairokee,"egyptian pop, egyptian hip hop, arabic hip hop, mahraganat",6ucy4v9cUETA0yRQx8D34F,Roma,2022-09-23,12,album,4.51,0
1PS1QMdUqOal0ai3Gt7sDQ,Gold Digger,4,Kanye West,rap,5ll74bqtkcXlKE7wwkMq4g,Late Registration,2005-08-30,21,album,3.46,0
5zMuzsE5kvd54FwraufeeK,Shawshank Prison - Stoic Theme,2,Thomas Newman,soundtrack,5ucvCY0hFIAL95DVKohEiB,The Shawshank Redemption,2009-10-08,21,compilation,1.88,0
5uICWmZTLkpEVbK22PBP6e,marjorie,13,Taylor Swift,"country, pop, indie, folk",6AORtDjduMM3bupSWzbTSG,evermore (deluxe version),2021-01-07,17,album,4.29,0
3TYOH7ta0101NYssoH5GlU,MERCEDES CAROTA,12,Bad Bunny,"reggaeton, trap latino, urbano latino, latin",4FftCsAcXXD1nFO9RFUNFO,nadie sabe lo que va a pasar mañana,2023-10-13,22,album,3.37,0
2OBzYCYMNsD6yhBZZSs0xg,Easy Lover,6,Miley Cyrus,"country pop, rock, hip hop, experimental",7h7smPzBYx8LOLI3ncM3vQ,Something Beautiful,2025-05-30,13,album,3.11,0
5nnVrfFGpXfrS4EYQLWefE,落葉船,26,Yasuharu Takanashi,"anime, soundtrack",1GoWJc6XFiHW1ewHcY1Xqm,NARUTO-ナルト- 疾風伝　オリジナル・サウンドトラック Ⅱ,2009-12-16,28,album,2.16,0
14xj58ZexBaEaHARb11Cqs,Lucky,11,Radiohead,"art rock, alternative rock",6dVIqQ8qmQ5GBnJ9shOYGE,OK Computer,1997-05-28,12,album,4.31,0
0mm5FQG94IBVjLDKEKk2Py,Ashteky Menno,6,Nancy Ajram,"egyptian pop, khaleeji, sholawat",1EUOmPNn2Fw6dwsjxKLFmC,Ya Tabtab,2006-12-01,11,album,3.41,0
2Iv2LfBnh1oNKqqTg8AaSY,YAD,1,Vanna Rainelle,dark r&b,1W5QaW8DYaanSuhqGAb3S7,YAD,2024-06-07,1,single,3.01,0
7hPBYRCHcBUMT7I5V9Go2s,Friendly Fire,20,Linkin Park,"nu metal, rap metal, rock, alternative metal",1X472EvsSqH09RyrqbtyXU,Papercuts,2024-04-12,20,album,2.94,0
2Cd9iWfcOpGDHLz6tVA3G4,Waka Waka (This Time for Africa) [The Official 2010 FIFA World Cup (TM) Song] (feat. Freshlyground),1,Shakira,latin pop,3pzQF7YgU1f66pBayA8uHv,Waka Waka (This Time for Africa) [The Official 2010 FIFA World Cup (TM) Song] (feat. Freshlyground),2010-05-07,1,single,3.37,0
6NoVGd3nTHsmBV1yduWRta,Bad Decisions,2,Two Door Cinema Club,"indie, indie rock",6PmuEq2op3EMw1ZhCjjucB,Gameshow (Deluxe Edition),2016-10-14,15,album,4.96,0
5Q0Nhxo0l2bP3pNjpGJwV1,Party In The U.S.A.,2,Miley Cyrus,"country pop, rock, hip hop, experimental",64aKkqxc3Ur2LYIKeS5osS,The Time Of Our Lives,2009-01-01,7,album,3.36,0
1CDQzbCz4KSQxHe7LMEgRM,Houdini,11,Eminem,"rap, hip hop",3kjHLu1pL7tdY88GFwEkl6,The Death of Slim Shady (Coup De Grâce),2024-07-12,19,album,3.78,0
36vACHS1iPv2oGJ3rBH6ju,The New Lobby Boy,6,Alexandre Desplat,soundtrack,6IV7472Hni7A1ENilCManS,The Grand Budapest Hotel (Original Soundtrack),2014-01-01,32,compilation,2.29,0
39LLxExYz6ewLAcYrzQQyP,Levitating,5,Dua Lipa,pop,7fJJK56U9fHixgO0HQkhtI,Future Nostalgia,2020-03-27,11,album,3.39,0
6hQ9Z0D5IEvL5rVb4c2Oov,No I'm not in love,11,Tate McRae,pop,6KaEpgeZQF6ZVVAmSoZUrb,So Close To What,2025-02-24,16,album,2.83,0
127QTOFJsJQp5LbJbu3A1y,Toosie Slide,1,Drake,rap,3xIwVbGJuAcovYIhzbLO3J,Toosie Slide,2020-04-03,1,single,4.11,0
0GxQ1A5L9xnMOytbP6eKBG,What Lovers Do (feat. SZA),2,Maroon 5,pop,1Li4rADxSxjT2g4xqUcMYh,Red Pill Blues (Deluxe),2018-06-15,22,album,3.33,0
5VYBergVrUDcb8QyEg70cF,Keep on Loving You,2,Cigarettes After Sex,dream pop,4zBZX3bPIQkJMY0CaTGFKh,Affection,2015-01-01,2,single,3.88,0
10boOz0yELWLLG3N6KZRNv,Elly Garehny,6,Sherine,"egyptian pop, sholawat, khaleeji",3QutrFTKwcT0Wn99v3u9cw,Lazem A3eesh,2005-01-01,10,album,4.8,0
5e574bhjycX1eH2l4Auage,Grammys,13,Drake,rap,40GMAhriYJRO1rsY4YdrZb,Views,2016-05-06,20,album,3.67,0
2o2sgVJIgFXk8GQjWTgI6U,long story short,12,Taylor Swift,"country, pop, indie, folk",2Xoteh7uEpea4TohMxjtaq,evermore,2020-12-11,15,album,3.59,0
6iAoT64hoTLHjznFRa7C7p,Ballad of a Thin Man,1,Richard Hawley,singer-songwriter,7IovXZkKeCPMmDomGOcgvZ,Ballad of a Thin Man,2019-09-20,1,single,6.8,0
0fNknOiIWtM4KzbtS4Kwa5,Waste,11,Jóhann Jóhannsson,neoclassical,60f6ypxsKLEemkp4216Ood,Mandy (Original Motion Picture Soundtrack),2018-09-14,15,album,2.92,0
3rHUpjfq9JjrfaTsEAmQBC,Choose Your Battles,16,Katy Perry,pop,5MQBzs5YlZlE28mD9yUItn,PRISM (Deluxe),2013-10-18,16,album,4.45,0
7fZBQnc0zXwVybgCIrQQil,Belly Dancer,1,Imanbek,slap house,2npvQTpyjLtapBWTNTNlqn,Belly Dancer,2022-02-18,1,single,2.52,0
0tgVpDi06FyKpA1z0VMD4v,Perfect,5,Ed Sheeran,soft pop,3T4tUhGYeRNVUGevb0wThu,÷ (Deluxe),2017-03-03,16,album,4.39,0
7gCautqfD7CCdrN33GrRd8,405,17,Justin Bieber,"pop, contemporary r&b",5vD5M5VW62LL78Ko8x0CVZ,SWAG,2025-07-11,21,album,3.54,0
2iqHcRoOfLl1fXCf1bGO0J,King Vamp,17,Playboi Carti,rage rap,2QRedhP5RmKJiJ1i8VgDGR,Whole Lotta Red,2020-12-25,24,album,3.11,0
4h7KTxO9eS389M2qG3jm6O,Coma White,14,Marilyn Manson,"industrial metal, industrial rock, industrial, metal, nu metal",69ACUmut0hbGOSonmU4kNS,Mechanical Animals,1998-09-14,14,album,5.63,0
4iJyoBOLtHqaGxP12qzhQI,Peaches (feat. Daniel Caesar & Giveon),12,Justin Bieber,"pop, contemporary r&b",5dGWwsZ9iB2Xc3UKR0gif2,Justice,2021-03-19,16,album,3.3,0
7wBJfHzpfI3032CSD7CE2m,STARGAZING,1,Travis Scott,rap,41GuZcammIkupMPKH2OJ6I,ASTROWORLD,2018-08-03,17,album,4.51,0
57mKcbEq7nMqtJ4gqJvWcp,Talk That Talk,4,Rihanna,"pop, r&b",1Kw1bVd07oRqcjrcjQKC8T,Talk That Talk,2011-11-19,11,album,3.49,0
5PypFTXJ4Ij2nMvxKRjjv2,Yeah 3x,7,Chris Brown,r&b,4bnq4LgObdAxU8mR9wvoi7,F.A.M.E.,2011-03-22,13,album,4.02,0
0trHOzAhNpGCsGBEu7dOJo,N.Y. State of Mind,2,Nas,"east coast hip hop, old school hip hop, hip hop",3kEtdS2pH6hKcMU9Wioob1,Illmatic,1994-04-19,10,album,4.89,0
0z1o5L7HJx562xZSATcIpY,Exit Music (For A Film),4,Radiohead,"art rock, alternative rock",6dVIqQ8qmQ5GBnJ9shOYGE,OK Computer,1997-05-28,12,album,4.45,0
6DdO7Uae9vuo9Dr73lejwD,Dark Paradise,7,Lana Del Rey,"alternative pop, indie pop",0W4ETIlyIonfCfAykj3K59,Born To Die (Deluxe Version),2011-01-01,15,album,4.05,0
09IOPhEh1OMe0HD9b36FJk,Over Now,7,Post Malone,"pop, hip hop, country",6trNtQUgC8cgbWcqoMYkOR,beerbongs & bentleys,2018-04-27,18,album,4.11,0
4ukiv6Rp5N4tQZSBT9JRLo,Rock Is Dead,4,Marilyn Manson,"industrial metal, industrial rock, industrial, metal, nu metal",69ACUmut0hbGOSonmU4kNS,Mechanical Animals,1998-09-14,14,album,3.16,0
4uQY80TKE1u4ZQZQKHzVEi,The One That Got Away,7,Katy Perry,pop,06SY6Ke6mXzZHhURLVU57R,Teenage Dream,2010-08-24,17,album,3.78,0
5kiZGSxgqPdv6rbqL9THdd,High Infidelity,17,Taylor Swift,"country, pop, indie, folk",3lS1y25WAhcqJDATJK70Mq,Midnights (3am Edition),2022-10-22,20,album,3.85,0
6G5tgXgOJy58YWGCMpkiCa,Drowning In Us,1,Now O Later,hypertechno,0UsKmlCH7ORHS15slJMv3p,Drowning In Us,2024-02-09,1,single,2.56,0
37NfmgIw3hLatdtt7c8PNm,Love Me Harder,14,Ariana Grande,pop,5L5evi5tJPh8WaEFAQp7Tp,The Highlights,2021-02-05,18,compilation,3.93,0
7liZGwyLYFBSobxHLazRAt,XO / The Host,4,The Weeknd,"r&b pop, alternative r&b, hip hop, synthpop",2XGEyGU76kj55OdHWynX0S,Trilogy,2012-11-13,30,album,7.4,0
0mNzElhEofvgMWAJoOA4q9,Pour Me A Drink (Feat. Blake Shelton),4,Post Malone,"pop, hip hop, country",4BbsHmXEghoPPevQjPnHXx,F-1 Trillion,2024-08-15,18,album,3.25,0
2mPoUsnXJBJlR9mrGTuyIN,"Superman March - From ""Superman"" / Live at Walt Disney Concert Hall, Los Angeles / 2019",19,John Williams,soundtrack,1bMwyCHGWSlF866IqpYnK5,"Celebrating John Williams (Live at Walt Disney Concert Hall, Los Angeles / 2019)",2019-03-15,19,compilation,4.42,0
2TOdZoIvGceoSjlrYkILrX,Psycho,1,BURY,dark r&b,5HDxcAIdBVavuw7UdD2zFV,Psycho,2025-09-19,3,single,3.07,0
52cYivJcryreRplexrYTlC,"The Name's Bond... James Bond (From Casino Royale"" Soundtrack)""",25,David Arnold,soundtrack,4GWyNknKDbVB8Lg1IiTy5k,Casino Royale,2006-11-14,25,compilation,2.82,0
0l4seNH8AyE2kvjxFfpWi1,Promentory,6,Trevor Jones,soundtrack,71NrwUZGV90FcwYjfq8D9h,The Last Of The Mohicans (Original Motion Picture Soundtrack),1992-01-01,16,compilation,6.21,0
285ieonEuLkll3zknYK2TY,The Last of Us,3,Gustavo Santaolalla,soundtrack,2GFFxj8aR2XpwIMYanOPjh,The Last of Us,2013-06-07,30,album,3.05,0
7CyPwkp0oE8Ro9Dd5CUDjW,"One Of The Girls (with JENNIE, Lily Rose Depp)",1,The Weeknd,"r&b pop, alternative r&b, hip hop, synthpop",7tzVd1fwkxsorytCBjEJkU,The Idol Episode 4 (Music from the HBO Original Series),2023-06-23,3,single,4.07,0
2E8IlL26PwtZq7CqAHBBUw,rubberband,2,Tate McRae,pop,1BaHo66NCQNx6ku0hPn9bR,TOO YOUNG TO BE SAD,2021-03-26,6,single,2.45,0
0XaWb5CkBYex1BeKm8ciP4,Now You See Me,1,Brian Tyler,soundtrack,24kyacpyGz1gfbIoTgLl9B,Now You See Me (Original Motion Picture Soundtrack),2013-01-01,12,compilation,5.44,0
6TwfdLbaxTKzQi3AgsZNzx,Daylight,3,Maroon 5,pop,7i1Ej2Ix9aIiLKqhNwAB2l,Overexposed (Deluxe),2012-01-01,15,album,3.75,0
51cwCNBjJZIPwHimgiMDvm,Come As You Are - Boombox Rehearsals,13,Nirvana,"grunge, rock",3FFGbUutKWN1c4f0CJR4Uh,Nevermind (Super Deluxe Edition),1991-09-26,70,album,4.18,0
4evmHXcjt3bTUHD1cvny97,Beautiful People (feat. Khalid),1,Ed Sheeran,soft pop,3E12WU80fDMyu7GyIAx7wJ,Beautiful People (feat. Khalid),2019-06-28,1,single,3.29,0
10xV5l9nhLvFpR8mqzs0bL,Numb,1,Marshmello,edm,3SBeYxkc3Ce7lanK0f3epk,Numb,2022-06-10,1,single,2.59,0
27xkOIER6uDLKALIelHylZ,Don’t Say You Love Me,1,Jin,k-pop,3DmDoHxAeEiDFNWrHSKAdQ,Echo,2025-05-16,7,album,3.01,0
70yhaHLp9STtzI2Kzba6Tr,Best Mistake,6,Ariana Grande,pop,6EVYTRG1drKdO8OnIQBeEj,My Everything (Deluxe),2014-08-22,15,album,3.89,0
6QVYYSKyGWpTv9zmo9eMJ6,Shut Up and Listen - Sped Up Version,1,Nicholas Bonnin,dark r&b,20rBiCHjGF4GlMZbZ4DZp2,Shut Up and Listen (Sped Up Version),2022-08-26,2,single,3.72,0
6TURPlJoVlJBtTwFZo0RUr,Worship,1,Ari Abdul,dark r&b,6vX3fRpUBbJ5KD9ipuiIeZ,Worship,2023-06-30,1,single,3.12,0
5zHX1aFxP5p10NI4L1nkai,You Keep Me Crawling,5,AURORA,"norwegian pop, art pop",2HPgGJnpimfmFPMjP0syqY,The Gods We Can Touch,2022-01-21,15,album,2.98,0
2J3CYFUn6eAuHz5S9IKape,The Kiss - Skit,6,Eminem,"rap, hip hop",2cWBwpqMsDJC1ZUwz813lo,The Eminem Show,2002-05-26,20,album,1.26,0
7221xIgOnuakPdLqT0F3nP,I Had Some Help (Feat. Morgan Wallen),1,Post Malone,"pop, hip hop, country",1woYXxyyxTQJ0E0AhZE6mj,I Had Some Help,2024-05-10,1,single,2.97,0
52gqeRlrBE7hqMlRxEsi6y,Livin' It Up,3,Ja Rule,east coast hip hop,2wMavIKnu6feFNOeQ1hVwf,Pain Is Love,2001-01-01,16,album,4.28,0
7xbWAw3LMgRMn4omR5yVn3,Lose Somebody,1,Kygo,tropical house,3LhriqAiHJYw7rxvtlkvQc,Lose Somebody,2020-05-15,1,single,3.32,0
4IQkfUsrwXol38VV3U7t7T,Run (feat. Ed Sheeran) (Taylor’s Version) (From The Vault),28,Taylor Swift,"country, pop, indie, folk",6kZ42qRrzov54LcAk4onW9,Red (Taylor's Version),2021-11-12,30,album,4.0,0
2v0AG62ZHtD3I4YmTb3WYM,Niagara Falls,14,The Weeknd,"r&b pop, alternative r&b, hip hop, synthpop",3OxfaVgvTxUTy7276t7SPU,Hurry Up Tomorrow,2025-01-31,22,album,4.62,0
0lMbuWUpfTWhEmOKxppEau,Rollin (feat. Future & Khalid),4,Calvin Harris,edm,2HaqChIDc5go3qxVunBDK0,Funk Wav Bounces Vol.1,2017-06-30,10,album,4.54,0
6VTnxajMD15WSIkbrtpw7e,Catwoman,1,Michael Giacchino,soundtrack,02xaXNo7Mvj1jBipVisNiF,"Catwoman (from The Batman"")""",2022-02-17,1,single,3.06,0
32XaqPVTVkkuOiOPQZ3SpA,midnight love,5,girl in red,bedroom pop,69p42ovQdwmYPLUsAQpeNn,if i could make it go quiet,2021-04-30,11,album,3.23,0
21D6cTpVlaM7VU6Rb0put7,The Caverns of Isengard,2,Howard Shore,soundtrack,55RTkgUCP7t80hiTUhATMH,The Lord of the Rings: The Fellowship of the Ring - the Complete Recordings,2001-06-30,37,album,4.9,0
1XUZ6DDgCqiPCi5pdFAPKx,It's A Great Day To Be Alive,3,Revline,country,3TlM68EnA35dHWYQHeK9k3,The Garage Sessions,2025-06-18,12,album,2.43,0
6YvqWjhGD8mB5QXcbcUKtx,Love Story (Taylor’s Version),3,Taylor Swift,"country, pop, indie, folk",4hDok0OAJd57SGIT8xuWJH,Fearless (Taylor's Version),2021-04-09,26,album,3.92,0
5o3GnrcFtvkdf3zFznuSbA,Don't Wanna Know (feat. Kendrick Lamar),14,Maroon 5,pop,1Li4rADxSxjT2g4xqUcMYh,Red Pill Blues (Deluxe),2018-06-15,22,album,3.57,0
6T1HM2y4KgdPHKTeHpuedV,Organ Grinder,4,Marilyn Manson,"industrial metal, industrial rock, industrial, metal, nu metal",1SmsWlQZojAXz5H0i26bRl,Portrait Of An American Family,1994-01-01,13,album,4.37,0
1G391cbiT3v3Cywg8T7DM1,Scar Tissue,3,Red Hot Chili Peppers,"funk rock, alternative rock, rock",2Y9IRtehByVkegoD7TcLfi,Californication (Deluxe Edition),1999-06-08,18,album,3.59,0
4uhSo9cVBVpdDCNxf4MBaP,Gods & Monsters,6,Lana Del Rey,"alternative pop, indie pop",5VoeRuTrGhTbKelUfwymwu,Born To Die - The Paradise Edition,2012-01-01,23,album,3.96,0
7so0lgd0zP2Sbgs2d7a1SZ,Die With A Smile,14,Lady Gaga,"art pop, pop",2MHUaRi9OCyTN02SoyRRBJ,MAYHEM,2025-03-07,14,album,4.19,0
0IVkP59yJ9GFF6B7IrvrxA,Paper Bag,5,Fiona Apple,art pop,3o5EnVZNJXtfPV8tCoagjI,When The Pawn...,1999-11-09,10,album,3.65,0
725QAOexNLmGZiFMN7U8pF,Dumb - Live,6,Nirvana,"grunge, rock",1To7kv722A8SpZF789MZy7,MTV Unplugged In New York,1994-11-01,14,album,2.88,0
5zjmUAGUOv81Pimre15H8L,Mazhar W Mal,5,Wegz,"egyptian hip hop, arabic hip hop, mahraganat, egyptian pop",0GaffqvjUTs1g9vDLAKFeV,Aqareb,2025-08-29,12,album,2.94,0
28drn6tQo95MRvO0jQEo5C,Type Shit,4,Future,rap,4iqbFIdGOTzXeDtt9owjQn,WE DON'T TRUST YOU,2024-03-22,17,album,3.8,0
0syXbGoFZbTMXm8hGCEvW0,Old Money,4,Playboi Carti,rage rap,7dAm8ShwJLFm9SaJ6Yc58O,Die Lit,2018-05-11,19,album,2.25,0
0smgg2Ek3JrwQnydC0uqrF,Broken Halo,1,Ericovich,nightcore,2xUiUdXeZbTGQJSJx13Z6Z,Broken Halo,2025-06-06,1,single,2.42,0
7kt9e9LFSpN1zQtYEl19o1,this is me trying,9,Taylor Swift,"country, pop, indie, folk",2fenSS68JI1h4Fo296JfGr,folklore,2020-07-24,16,album,3.25,0
5zqJlEJcn0EfnvAScH8swK,All You Need Is Love,12,The Beatles,"classic rock, psychedelic rock",0XRZpF083HqgygM0v1hQyE,Yellow Submarine Songtrack,1999-09-13,15,album,3.77,0
5NNlUMcOEOdoOIwwaWXv0k,Cold,1,Maroon 5,pop,7oYKSApfrPWuKk8aH6rH7t,Cold,2017-02-14,1,single,3.9,0
4CzhtKifG867Lu5DNQVBSA,Vamp Anthem,12,Playboi Carti,rage rap,2QRedhP5RmKJiJ1i8VgDGR,Whole Lotta Red,2020-12-25,24,album,2.06,0
2yg9UN4eo5eMVJ7OB4RWj3,Survival,1,Drake,rap,1ATL5GLyefJaxhQzSPVrLX,Scorpion,2018-06-29,25,album,2.26,0
3x75aqPUfrKUDPUdTzC65Q,Secrets,1,Hypermorph,hypertechno,6jy0Xahfbm6te4JIdWfp2f,Secrets,2024-07-04,1,single,2.38,0
3HNTLCpAGnizbyJmk7466r,Never Let Me Go,4,Florence + The Machine,baroque pop,19J2iqK89BCrNG4El2FRi5,Ceremonials (Original Deluxe Version),2011-01-01,24,album,4.51,0
3aJ7lqmeGCLzbb6aGTHzW8,Thoughts Of Mom,18,Michael Giacchino,soundtrack,28zG92eGhA3FVyzhzj3uVh,Super 8 (Music From The Motion Picture),2011-01-01,33,compilation,1.68,0
7EYOUUPVKKnJ1ZC05KvQit,"Main Theme, Pt. 2",2,Borislav Slavov,medieval,6JR4qLOXu96krMWxBTpXSR,Baldur's Gate 3 (Original Game Soundtrack),2023-08-10,43,album,2.19,0
0O6u0VJ46W86TxN9wgyqDj,I Like You (A Happier Song) (with Doja Cat),5,Post Malone,"pop, hip hop, country",3HHNR44YbP7XogMVwzbodx,Twelve Carat Toothache,2022-06-03,14,album,3.21,0
4xvEn1vhrF9JbPFWqTXsH4,I know love (feat. The Kid LAROI),9,Tate McRae,pop,3w32SV56JvtJXsrYtThwzP,So Close To What,2025-02-21,15,album,2.6,0
4pcafPzLDSqQktqSpxHL3E,THUNDER Y LIGHTNING,18,Bad Bunny,"reggaeton, trap latino, urbano latino, latin",4FftCsAcXXD1nFO9RFUNFO,nadie sabe lo que va a pasar mañana,2023-10-13,22,album,3.61,0
0tMSssfxAL2oV8Vri0mFHE,listen before i go,12,Billie Eilish,"alternative pop, electropop, dark pop",0S0KGZnfBGSIssfF54WSJh,"WHEN WE ALL FALL ASLEEP, WHERE DO WE GO?",2019-03-29,14,album,4.04,0
5UkqH9t76GxI48YHA0thsy,Honeymoon Avenue,1,Ariana Grande,pop,2VSBGJ8bUuNgmOYXHIQagM,Yours Truly (Tenth Anniversary Edition),2023-08-25,19,album,5.66,0
2Lt3LhlDf1dAKsZfzCZsIF,you've got a friend in me (sing-a-long),18,Christina Perri,soft pop,3xl0OvcSlc9Mwe5ToaFtD3,songs for carmella: lullabies & sing-a-longs,2019-01-17,20,album,1.66,0
1yG491M3fRfowMdGN5pey4,Begin Again,16,Taylor Swift,"country, pop, indie, folk",1KVKqWeRuXsJDLTW0VuD29,Red (Deluxe Edition),2012-10-22,22,album,3.99,0
1VNWaY3uNfoeWqb5U8x2QX,Lonely Day,11,System Of A Down,"nu metal, metal, alternative metal, rap metal, rock",3QxX3NbWyLlLG6lP1xveL3,Hypnotize,2005-11-22,12,album,2.79,0
2ub6QpT59Ho6dqQWpp30I2,Magneto,20,Henry Jackman,soundtrack,14jwLvbmFd60gtCScp5pcc,X-MEN: FIRST CLASS,2011-05-30,20,album,1.87,0
3LnpBazWpD31QMTn6LgVGv,pushin P (feat. Young Thug),2,Gunna,melodic rap,4oxmme6i4mypSt2DDzPTsW,DS4EVER,2022-01-07,19,album,2.27,0
7LR85XLWw2yXqKBSI5brbG,Run This Town,4,JAY-Z,"hip hop, east coast hip hop, rap",2CUT0104gySOIvqwtXeFsX,The Blueprint 3,2009-09-08,15,album,4.45,0
3RauEVgRgj1IuWdJ9fDs70,The Man,4,Taylor Swift,"country, pop, indie, folk",1NAmidJlEaVgA3MpcPFYGq,Lover,2019-08-23,18,album,3.17,0
6ZOBP3NvffbU4SZcrnt1k6,Kryptonite,1,3 Doors Down,post-grunge,5gO2acKSOaJnP0Mcy8IpU6,The Better Life,2000-06-30,11,album,3.89,0
1OQxJiHrr5HAmTaqAhn39c,The Future Is A Foreign Land,1,Ghost,"metal, hard rock",6jSNCcxIIB0ccyTgOJ2y1F,The Future Is A Foreign Land,2024-06-21,1,single,3.75,0
2lFtnEmkIPm2ClN55e2chV,Black,1,Dierks Bentley,country,2GIrLP0PWskhZAJaHQtDux,Black,2016-06-10,13,album,3.51,0
7GXY8BJNXf2fK4aATVswz8,Svartalfheim (feat. Eivør),7,Bear McCreary,"celtic, soundtrack",7LmeRZOi905AochW9J9FAA,God of War Ragnarök (Original Soundtrack),2022-11-09,28,album,5.22,0
1HHeOs6zRdF8Ck58easiAY,Alejandro,2,Lady Gaga,"art pop, pop",6rePArBMb5nLWEaY9aQqL4,The Fame Monster (Deluxe Edition),2009-11-05,23,album,4.57,0
5Jh1i0no3vJ9u4deXkb4aV,so american,17,Olivia Rodrigo,"pop rock, alternative pop, pop punk",1D06fz3cuob62ysTS8k6gu,GUTS (spilled),2024-03-22,17,album,2.82,0
1LcAPBcL6RT0rcGbPTxoMr,You Don't Care About Me,4,Shakira,latin pop,2gOSZzsO8EZJvtdmVOVtJE,Shakira. (Expanded Edition),2014-03-21,17,album,3.69,0
7CHNIK6EGjnwpWkSpx6JZe,Medicine,1,James Arthur,soft pop,6K8gvUTwVftCa3gd0MFtI4,Medicine,2021-03-05,1,single,3.48,0
4BY4V1T0RJK1HmD2Q0ClyK,Oblivion,3,Grimes,art pop,7aPolrSqVawIhC7iTo2b5F,Visions,2012-03-12,13,album,4.18,0
6fVX8mF9ZqS1V8G2ZFCbLQ,Star Trek Main Theme,14,Michael Giacchino,soundtrack,0dst3z0HnOCF0pdU05AZ4b,Star Trek Into Darkness (Music From The Motion Picture),2013-01-01,14,album,3.42,0
6L5QMBrydoaapTDMQ0Anui,Guilty All the Same (feat. Rakim),3,Linkin Park,"nu metal, rap metal, rock, alternative metal",3XB2yloP7l00tEUmaODtVi,The Hunting Party,2014-06-09,12,album,5.91,0
0K8sKuo6xLHZgySZmmw2rV,LIFETIMES,1,Katy Perry,pop,6UEGp3MQnsKoK9rwKcKBUo,LIFETIMES,2024-08-08,1,single,3.2,0
2ENexcMEMsYk0rVJigVD3i,Only Girl (In The World),5,Rihanna,"pop, r&b",5QG3tjE5L9F6O2vCAPph38,Loud,2010-01-01,13,album,3.92,0
4H9fsMhr1wLk3xb2o9BNm7,Aneurysm,15,Nirvana,"grunge, rock",3FFGbUutKWN1c4f0CJR4Uh,Nevermind (Super Deluxe Edition),1991-09-26,70,album,4.76,0
6PCvgYrBQNGZE7Fys8Dk27,In My Bed,20,VAMERO,slap house,732qH6CYoKuZsyzEEO4RVP,Autumn Dance Hits 2024,2024-10-10,28,compilation,2.73,0
7Feaw9WAEREY0DUOSXJLOM,Summer Days (feat. Macklemore & Patrick Stump of Fall Out Boy),1,Martin Garrix,"edm, progressive house, electronica",0xbuJLlb5afBcmCpdOaszR,Summer Days (feat. Macklemore & Patrick Stump of Fall Out Boy),2019-04-25,1,single,2.73,0
5E2y5TSb2RJNCO01QjkgLf,Days Like These,3,Luke Combs,country,40xQAz7RDjeznOtTYeEMLs,The Prequel,2025-10-03,3,single,3.69,0
7vGuf3Y35N4wmASOKLUVVU,Silence,1,Marshmello,edm,2bw00gRKNKbTFOqCkohbSh,Silence,2017-08-11,1,single,3.01,0
6eObMhagGCRnpIHn1E8vO8,In Da Club,13,50 Cent,"east coast hip hop, old school hip hop",1R8a4hijjUy9NRZLNCYxRa,00s Middle School Dance,2019-08-23,26,compilation,3.22,0
5jqNQZBwbZWQXPWfo0ygZF,Art Deco,7,Lana Del Rey,"alternative pop, indie pop",2DpEBrjCur1ythIZ10gJWw,Honeymoon,2015-09-18,14,album,4.91,0
04emojnbYkrRmv5qtJcgVP,What I Want (feat. Tate McRae),4,Morgan Wallen,country,5IZ8sY5FjtL9hloXpv0XbD,I’m The Problem,2025-05-16,37,album,3.07,0
2ty6DmPnxVPpEFuB23XM0x,Kill Bill - Sped Up Version,2,SZA,r&b,63nEYsFMdabB1qkWCOhsv7,Kill Bill,2023-01-13,4,single,2.29,0
11MyiSGZSYSmhhqwGUTtAq,Sad Girl,6,Lana Del Rey,"alternative pop, indie pop",1ORxRsK3MrSLvh7VQTF01F,Ultraviolence (Deluxe),2014-01-01,14,album,5.29,0
1SGlXOc661edija3RJ8OMH,"skyscrapers (love now, cry later)",7,Lil Peep,"emo rap, cloud rap",2tLt6wYVuseWCe6IwDSlTm,crybaby,2016-06-10,10,album,2.03,0
73CKjW3vsUXRpy3NnX4H7F,Fake Plastic Trees,4,Radiohead,"art rock, alternative rock",35UJLpClj5EDrhpNIi4DFg,The Bends,1995-03-13,12,album,4.84,0
2NvJ4gxNHy4irhjWGNOP6k,A Story of Boy Meets Girl,1,Mychael Danna,soundtrack,2n5AOB0lGse7qp38HvVROB,(500) Days of Summer (Music from the Motion Picture),2009-07-10,16,compilation,1.58,0
6or1bKJiZ06IlK0vFvY75k,Rap God,9,Eminem,"rap, hip hop",6DN7GcZF1HywzrkGN6Eeqk,The Marshall Mathers LP2 (Deluxe),2013-11-05,21,album,6.05,0
1Cj2vqUwlJVG27gJrun92y,The Sound of Silence,11,Disturbed,"metal, nu metal, alternative metal, rap metal, hard rock",3qFQ4XNQ15alZrAaj5oGJK,Immortalized,2015-08-14,13,album,4.14,0
6zc1W5CuZER3AbTvRCfLoa,Insane,7,Post Malone,"pop, hip hop, country",50MzJhO0pMjTsfpeOmZ1so,Twelve Carat Toothache (Deluxe),2022-06-07,16,album,2.82,0
3qBAaoahAIR8cMaE0GAyGi,Pentagon,17,Sean Murray,soundtrack,1wNRiDESMvDAKJN1302arj,Call of Duty: Black Ops,2010-11-16,30,album,3.23,0
1Onx2O64wzyA7ZzOsBBqBJ,The Way (feat. Mac Miller),8,Ariana Grande,pop,2VSBGJ8bUuNgmOYXHIQagM,Yours Truly (Tenth Anniversary Edition),2023-08-25,19,album,3.78,0
5qtPsIs6BHsOGmlFsbpgL1,Rivendell,18,Chance Thomas,medieval,1lkI0MpnnccE364waiYGOY,The Lord of the Rings Online (10th Anniversary Commemorative Soundtrack),2017-06-16,26,album,2.06,0
6nO3tr47nr2P7f3hXb8JIo,Champion (feat. Travis Scott),5,NAV,melodic rap,1hTrdWpdPEeXHQWc9GmpxZ,RECKLESS,2018-05-18,12,album,3.25,0
5GorCbAP4aL0EJ16frG2hd,Boulevard of Broken Dreams,14,Green Day,"punk, pop punk",3id4t9IqRoB1f1smOERtrY,Greatest Hits: God's Favorite Band,2017-11-17,22,compilation,4.37,0
2QTDuJIGKUjR7E2Q6KupIh,Test Drive - From How To Train Your Dragon Music From The Motion Picture,11,John Powell,soundtrack,1kTnC045mQqurTQvGMGpmU,How To Train Your Dragon (Music From The Motion Picture),2010-01-01,25,album,2.6,0
21IVPfi81m6ywNgOvqTj1i,Don’t Worry I’ll Make You Worry,10,Sabrina Carpenter,pop,1aqg30bNvLSWgShZgX4oop,Man’s Best Friend,2025-08-29,12,album,3.7,0
6tJFtthY0rI1x06qb8NjK0,The Mandalorian,9,Ludwig Göransson,soundtrack,4xFmHg5dYvaqmn9ZNQpjWL,The Mandalorian: Chapter 1 (Original Score),2019-11-11,9,album,3.31,0
1n8NKQRg8LVHy7oUhUgbFF,Hedwig's Theme,19,John Williams,soundtrack,6zeHM5CV0CjcS0K8ouWE4N,Harry Potter and The Sorcerer's Stone Original Motion Picture Soundtrack,2001-10-30,19,compilation,5.15,0
4q75XguyPrsduy70hcBVFu,Coming Down,7,The Weeknd,"r&b pop, alternative r&b, hip hop, synthpop",2XGEyGU76kj55OdHWynX0S,Trilogy,2012-11-13,30,album,4.92,0
2TOzTqQXNmR2zDJXihjZ2e,enough for you,7,Olivia Rodrigo,"pop rock, alternative pop, pop punk",6s84u2TUpR3wdUv4NgKA2j,SOUR,2021-05-21,11,album,3.38,0
24YOXjKUYehjyIz66uhXqv,23,9,Shakira,latin pop,2gOSZzsO8EZJvtdmVOVtJE,Shakira. (Expanded Edition),2014-03-21,17,album,3.99,0
1zOaxkbS1kAY1gIi0g8sOm,It's My Life,1,Bon Jovi,"glam metal, rock",2R8sO7coUsDazpoQzmGIWp,Crush,2000-06-13,12,album,3.74,0
6rYgEHuyhO064Lgj48qlIe,I'll Call You Mine,10,girl in red,bedroom pop,69p42ovQdwmYPLUsAQpeNn,if i could make it go quiet,2021-04-30,11,album,3.36,0
0BcP3FTTxSty93nTnB2a9H,Powerful (feat. Ellie Goulding & Tarrus Riley),5,Major Lazer,moombahton,2U0b5MfkMUgzdvRUI69mya,Peace Is The Mission : Extended,2015-11-27,14,album,3.43,0
0fK7ie6XwGxQTIkpFoWkd1,like JENNIE,2,JENNIE,k-pop,1vWMw6pu3err6qqZzI3RhH,Ruby,2025-03-07,15,album,2.05,0
50iiDJGpAPdr2VTrz999XA,House Of Balloons / Glass Table Girls,3,The Weeknd,"r&b pop, alternative r&b, hip hop, synthpop",5EbpxRwbbpCJUepbqVTZ1U,Trilogy,2012-11-13,30,album,6.75,0
3UoULw70kMsiVXxW0L3A33,pov,14,Ariana Grande,pop,3euz4vS7ezKGnNSwgyvKcd,Positions,2020-10-30,14,album,3.36,0
3nRmDz7qGCvsMS30rGGY0x,Welcome To New York,1,Taylor Swift,"country, pop, indie, folk",1yGbNOtRIgdIiGHOEBaZWf,1989 (Deluxe),2014-01-01,19,album,3.54,0
1uBsu3PbD2909UBIfEMLvK,Jumpin' Jack Flash,1,The Rolling Stones,"classic rock, rock",10OB4Z0KBJtCayAX7Gk57m,Jumpin' Jack Flash / Child Of The Moon,2021-05-28,2,single,3.71,0
1CsMKhwEmNnmvHUuO5nryA,SKINNY,1,Billie Eilish,"alternative pop, electropop, dark pop",7aJuG4TFXa2hmE4z1yxc3n,HIT ME HARD AND SOFT,2024-05-17,10,album,3.66,0
53b7YqVw2Vc1oRrYeOm7z7,Heartbeat Song,1,Kelly Clarkson,christmas,5eKdMH1IZe0nGMYSDIdt6e,Heartbeat Song,2015-01-12,1,single,3.31,0
7rDcULv8vV16vetBjPJhuE,How Do You Like Me Now?!,1,Toby Keith,"country, classic country",2GBWYbIHyVneL0VylPXa6Y,How Do You Like Me Now?!,1999-01-01,12,album,3.48,0
5ANalUduO6lhdpAzJ1FmTx,Main Title (Theme from Mount and Blade),1,Jesse Hopkins,medieval,2aM5FvgvBX9FXiqspLYhBA,Theme and Scherzo (Mount and Blade Original Video Game Soundtrack),2008-09-16,2,single,0.8,0
12LDPGVv7KpIIefOofYETx,Summerboy,14,Lady Gaga,"art pop, pop",6rePArBMb5nLWEaY9aQqL4,The Fame Monster (Deluxe Edition),2009-11-05,23,album,4.23,0
3l9CW99AHtExIRV4hW2N5m,Misery Business,4,Paramore,"pop punk, emo",3UoOO8m0oxxvUHXUKf3qcZ,Riot!,2007-06-12,14,album,3.52,0
1R0a2iXumgCiFb7HEZ7gUE,Don’t Blame Me,4,Taylor Swift,"country, pop, indie, folk",6DEjYFkNZh67HP7R9PSZvv,reputation,2017-11-10,15,album,3.94,0
3kpYJjvM8Ja6btr5hEJLWc,Venom - Music From The Motion Picture,1,Eminem,"rap, hip hop",25zSh5FAL8kUh8z7ivwBH6,Venom (Music From The Motion Picture),2018-09-21,1,single,4.49,0
1jOLTO379yIu9aMnCkpMQl,You Never Give Me Your Money - Remastered 2009,9,The Beatles,"classic rock, psychedelic rock",0ETFjACtuP2ADo6LFhL6HN,Abbey Road (Remastered),1969-09-26,17,album,4.04,0
0z5ZPs57J2KERwM1tBM2GF,6 Foot 7 Foot,4,Lil Wayne,"rap, hip hop",1uuSC0RCJB3dSp8Mb6GflZ,Tha Carter IV (Deluxe),2011-01-01,18,album,4.14,0
0MMyJUC3WNnFS1lit5pTjk,"jealousy, jealousy",9,Olivia Rodrigo,"pop rock, alternative pop, pop punk",6s84u2TUpR3wdUv4NgKA2j,SOUR,2021-05-21,11,album,2.88,0
4bt7eqP7mfWduRBKEpCAzM,chaotic,5,Tate McRae,pop,5fhTetHew6Eph6HfQ9O5gJ,i used to think i could fly,2022-05-27,13,album,2.92,0
6qqdFWe7C4LsBjWbXQdsHA,Dark Paradise,7,Lana Del Rey,"alternative pop, indie pop",5VoeRuTrGhTbKelUfwymwu,Born To Die - The Paradise Edition,2012-01-01,23,album,4.05,0
4PhsKqMdgMEUSstTDAmMpg,Often,4,The Weeknd,"r&b pop, alternative r&b, hip hop, synthpop",0P3oVJBFOv3TDXlYRhGL7s,Beauty Behind The Madness,2015-08-28,14,album,4.15,0
12M5uqx0ZuwkpLp5rJim1a,Cornelia Street,9,Taylor Swift,"country, pop, indie, folk",1NAmidJlEaVgA3MpcPFYGq,Lover,2019-08-23,18,album,4.78,0
5JiH89mHrv9oWHlD0T326z,To Be So Lonely,7,Harry Styles,"pop rock, soft rock, synthpop",7xV2TzoaVc0ycW7fwBwAml,Fine Line,2019-12-13,12,album,3.2,0
4TMhakloPMPS84lNHNTSa3,Smells Like Teen Spirit - Remastered 2021,1,Nirvana,"grunge, rock",5eA0qtE7Yu29XiMlwoby2G,Nevermind (30th Anniversary Super Deluxe),2021-11-12,75,album,5.01,0
4b7vk8SRcYgnxpk0JOIS7r,Drugs You Should Try It,4,Travis Scott,rap,54Y471E7GNBSOXjZtqONId,DAYS BEFORE RODEO,2014-08-18,12,album,3.47,0
7hVDhEHFrZRuaZRg6pzPcF,Fingers blues,2,Gary O'Slide,southern gothic,7JhTlHuk4lt3ylNQMIDAY4,Vagabond,2023-03-03,9,album,3.32,0
2x0RZdkZcD8QRI53XT4GI5,SOS (feat. Aloe Blacc),3,Avicii,edm,6Ad1E9vl75ZB3Ir87zwXIJ,TIM,2019-06-06,12,album,2.62,0
4frLb7nWtsz2ymBE6k2GRP,Earned It (Fifty Shades Of Grey),9,The Weeknd,"r&b pop, alternative r&b, hip hop, synthpop",0P3oVJBFOv3TDXlYRhGL7s,Beauty Behind The Madness,2015-08-28,14,album,4.62,0
4VnDmjYCZkyeqeb0NIKqdA,Can You Hear The Music,2,Ludwig Göransson,soundtrack,0rwbMKjNkp4ehQTwf9V2Jk,Oppenheimer (Original Motion Picture Soundtrack),2023-07-21,24,album,1.83,0
7AtBtwrKhz94hYXgGYyG58,Middle Of The Summer (feat. Red Coldhearted),16,Playboi Carti,rage rap,7dAm8ShwJLFm9SaJ6Yc58O,Die Lit,2018-05-11,19,album,2.28,0
06EL94D0TA27Ik0Ke5usbj,The Way,8,Ariana Grande,pop,5xSvNPstcxHtR4ap2vvN8A,Yours Truly,2013-01-01,12,album,3.78,0
6lEuFGrUqR9Yc6hSsHPnYP,"I Don't Want to Miss a Thing - From Armageddon"" Soundtrack""",1,Aerosmith,"classic rock, rock",4GYrE0hDKjM0v6EQIjkBV3,I Don't Want To Miss A Thing EP,1998-08-18,3,single,4.99,0
6sy3LkhNFjJWlaeSMNwQ62,Counting Stars,1,OneRepublic,soft pop,2bbhW5ifCwOYM8DMkqoYBF,Native,2014-01-01,15,album,4.29,0
0mvkwaZMP2gAy2ApQLtZRv,It's a Beautiful Day,2,Michael Bublé,christmas,4Yf5LJfqpjgl1a4TBiCi07,To Be Loved,2013-04-11,14,album,3.32,0
3qGHAKgjQruzj6doKkyEb5,Unlock it (Lock It) - feat. Kim Petras and Jay Park,8,Charli xcx,"hyperpop, art pop",2HIwUmdxEl7SeWa1ndH5wC,Pop 2,2017-12-15,10,album,3.88,0
2KslE17cAJNHTsI2MI0jb2,Standing Next to You,4,Jung Kook,k-pop,5pSk3c3wVwnb2arb6ohCPU,GOLDEN,2023-11-03,11,album,3.43,0
1SN1vSPsr4V4tIUTR3s8YW,Fast Car,5,Jonas Blue,tropical house,2xZSrcBmvMw9Y8hac6xU7L,Blue,2018-11-09,15,album,3.54,0
1mr1MGVtCgwp4WssFw1pgp,New Model No. 15,10,Marilyn Manson,"industrial metal, industrial rock, industrial, metal, nu metal",69ACUmut0hbGOSonmU4kNS,Mechanical Animals,1998-09-14,14,album,3.68,0
6wyMr8WhICKyb80uAGfH2j,"Endless, Nameless - Live At The Paramount",19,Nirvana,"grunge, rock",3FFGbUutKWN1c4f0CJR4Uh,Nevermind (Super Deluxe Edition),1991-09-26,70,album,6.41,0
5ZManJDV3CexO66nRCkdiV,Break Up with Him,8,Old Dominion,country,1G4WDlYjm0VqgyEymNJRcf,Meat and Candy,2015-11-06,11,album,3.46,0
0Vh5LDK9inNgF6TBZyIq1P,All Saints,11,Bear McCreary,"celtic, soundtrack",5G8MABcElAXZGDL69qsxDQ,Black Sails (A Starz Original Series Soundtrack),2014-01-28,21,album,2.31,0
7io19rjxOFu3pGuZgBI6Pk,Drips,9,Eminem,"rap, hip hop",2cWBwpqMsDJC1ZUwz813lo,The Eminem Show,2002-05-26,20,album,4.76,0
2BwO5K8Q7EPAJSGze3AAh9,Manchild,1,Sabrina Carpenter,pop,1aqg30bNvLSWgShZgX4oop,Man’s Best Friend,2025-08-29,12,album,3.56,0
1Rweq7vNjK4kZBbGrmxQsl,bye,2,Ariana Grande,pop,5EYKrEDnKhhcNxGedaRQeK,eternal sunshine,2024-03-08,13,album,2.74,0
1Y2xv06UOclv7HpuMSqFq1,Giorno's Theme,1,Friedrich Habetler,anime,3u83P30ClQvHMtkmDi4VEO,Giorno's Theme,2019-12-10,1,single,5.1,0
67HlBRWRSjAHY2ujn6eOan,Often,9,The Weeknd,"r&b pop, alternative r&b, hip hop, synthpop",5L5evi5tJPh8WaEFAQp7Tp,The Highlights,2021-02-05,18,compilation,4.15,0
5ruzrDWcT0vuJIOMW7gMnW,The Adults Are Talking,1,The Strokes,"garage rock, indie rock, alternative rock",2xkZV2Hl1Omi8rk2D7t5lN,The New Abnormal,2020-04-10,9,album,5.15,0
3buwFfY33H32wfZ6X9poV3,Somebody,10,Justin Bieber,"pop, contemporary r&b",5dGWwsZ9iB2Xc3UKR0gif2,Justice,2021-03-19,16,album,2.99,0
5QDLhrAOJJdNAmCTJ8xMyW,Dynamite,8,BTS,k-pop,6nYfHQnvkvOTNHnOhDT3sr,BE,2020-11-20,8,album,3.31,0
5Y3CxFy0epIXO64zW6Q83h,"Theme (From Indiana Jones"")""",2,John Williams,soundtrack,1jbTKdao6lI9gaPZxomRxS,The Best Of John Williams,1990-07-27,13,compilation,5.55,0
6rUp7v3l8yC4TKxAAR5Bmx,I Hate Everything About You,3,Three Days Grace,"post-grunge, rock",38pfSOHvxHqDWwDnjZ25U5,Three Days Grace (Expanded Edition),2003-07-22,15,album,3.85,0
0ANExk8Iu85oqCgk82rG64,Almost Famous,14,Eminem,"rap, hip hop",47BiFcV59TQi2s9SkBo2pb,Recovery,2010-06-18,17,album,4.87,0
2CcQDI2IDhHbmBIFup58JE,Daydreamin',7,Ariana Grande,pop,6czdbbMtGbAkZ6ud2OMTcg,Yours Truly,2013-01-01,12,album,3.52,0
00NAQYOP4AmWR549nnYJZu,Secrets,6,The Weeknd,"r&b pop, alternative r&b, hip hop, synthpop",2ODvWsOgouMbaA5xf0RkJe,Starboy,2016-11-25,18,album,4.42,0
5bdN2arjMp7uW1l7YH9AG8,CURSE or SPELL,1,weeklyn,emo rap,7lhxzCcVlMqGnJUOZX1ZkV,CURSE or SPELL,2025-03-07,1,single,2.9,0
2OALaHcDdKkjYEpAr0Qzab,Lonely Together (feat. Rita Ora),2,Avicii,edm,0XV4cXBFmXIhQnQMYUX9u6,AVĪCI (01),2017-08-09,6,single,3.03,0
2iwTBX0feCCekH5Hg8SOSJ,yesterday,3,Lil Peep,"emo rap, cloud rap",2tLt6wYVuseWCe6IwDSlTm,crybaby,2016-06-10,10,album,1.87,0
2m9sMrdX6IrjCH4ioODy7a,I'm Not Here To Make Friends,11,Sam Smith,soft pop,5BNUgsVK7qqfFnV046qHfW,Gloria (Special Edition),2023-04-12,22,album,3.82,0
5mfDBWY7ncZFm7ykmFTG4i,State Of Grace - Acoustic,22,Taylor Swift,"country, pop, indie, folk",1KVKqWeRuXsJDLTW0VuD29,Red (Deluxe Edition),2012-10-22,22,album,5.38,0
5wtOHGEoLWLfQyqskk7C6s,you are my sunshine (sing-a-long),11,Christina Perri,soft pop,3xl0OvcSlc9Mwe5ToaFtD3,songs for carmella: lullabies & sing-a-longs,2019-01-17,20,album,1.3,0
62HoDY1Km6lm47haFpUn9c,Eldest Daughter,5,Taylor Swift,"country, pop, indie, folk",4a6NzYL1YHRUgx9e3YZI6I,The Life of a Showgirl,2025-10-03,12,album,4.1,0
2gZUPNdnz5Y45eiGxpHGSc,POWER,3,Kanye West,rap,20r762YmB5HeofjMCiPMLv,My Beautiful Dark Twisted Fantasy,2010-11-22,13,album,4.86,0
1CfuBY3BDdKpooQ9L5zgUc,Cigarettes,3,Juice WRLD,"melodic rap, emo rap",1typPCwqyXMfFpvDZAyKew,Fighting Demons (Deluxe),2022-03-18,23,album,3.79,0
47b6AJXIHpkTQR2Zxkq04h,I See,1,Rumelis,dark r&b,27UTqkjEGsy0JcjmV5udDo,I See,2024-12-19,3,single,2.58,0
6cHxEBJ6MN4wfqkEXMaS1B,Xiii,1,Mr.Kitty,"witch house, darkwave",0yeP5olfo8IIu6UBGfUWHo,Time,2014-08-08,15,album,3.56,0
0UGqF8JS1529GlEN1WSzAi,Tokyo Revengers -Main Theme-,17,Hiroaki Tsutsumi,anime,6lID68aa8NjuRNUpoAQq1d,Tokyo Revengers Original Soundtrack,2021-07-07,48,album,3.52,0
3ytMGJUOv7KvVpOSAow62b,The Legend of Ashitaka - from 'Princess Mononoke',11,Joe Hisaishi,"japanese classical, anime",561qUZZO6f2sILHUMlXmlM,A Symphonic Celebration - Music from the Studio Ghibli Films of Hayao Miyazaki,2023-06-30,29,album,1.96,0
2y4lAQpi5VTNLu2ldeTdUH,We Can't Stop,2,Miley Cyrus,"country pop, rock, hip hop, experimental",3RDqXDc1bAETps54MSSOW0,Bangerz (Deluxe Version),2013-10-04,16,album,3.85,0
2OzhQlSqBEmt7hmkYxfT6m,Fortnight (feat. Post Malone),1,Taylor Swift,"country, pop, indie, folk",1Mo4aZ8pdj6L1jx8zSwJnt,THE TORTURED POETS DEPARTMENT,2024-04-18,16,album,3.81,0
6vGnPFWExk8QXcRmxaoX3e,Wondering,7,Olivia Rodrigo,"pop rock, alternative pop, pop punk",4GgojLZOPRu8MdUVmjNRSI,High School Musical: The Musical: The Series (Original Soundtrack),2020-01-10,41,compilation,3.75,0
3sK8wGT43QFpWrvNQsrQya,DtMF,16,Bad Bunny,"reggaeton, trap latino, urbano latino, latin",5K79FLRUCSysQnVESLcTdb,DeBÍ TiRAR MáS FOToS,2025-01-05,17,album,3.95,0
1Zai5UJ2di3qEuR2HeT2s8,I Look in People's Windows,25,Taylor Swift,"country, pop, indie, folk",5H7ixXZfsNMGbIE5OBSpcb,THE TORTURED POETS DEPARTMENT: THE ANTHOLOGY,2024-04-19,31,album,2.19,0
